3D Baseball (USA).zip,144.61 MB,2017-05-22 20:05
Albert Odyssey - Legend of Eldean (USA) (RE).zip,525.90 MB,2017-05-22 20:05
Albert Odyssey - Legend of Eldean (USA).zip,525.90 MB,2017-05-22 20:05
Alien Trilogy (USA).zip,384.50 MB,2017-05-22 20:05
All-Star Baseball '97 featuring Frank Thomas (USA).zip,350.86 MB,2017-05-22 20:05
Alone in the Dark - One-Eyed Jack's Revenge (USA).zip,111.41 MB,2017-05-22 20:05
Amok (USA).zip,499.45 MB,2017-05-22 20:05
Andretti Racing (USA).zip,463.71 MB,2017-05-22 20:05
Arcade's Greatest Hits (USA).zip,483.38 MB,2017-05-22 20:05
Arcade's Greatest Hits - The Atari Collection 1 (USA).zip,372.30 MB,2017-05-22 20:05
Area 51 (USA).zip,266.75 MB,2017-05-22 20:05
Astal (USA).zip,529.75 MB,2017-05-22 20:05
Baku Baku Animal - World Zookeeper Contest (USA).zip,488.51 MB,2017-05-22 20:05
Bases Loaded '96 - Double Header (USA).zip,96.09 MB,2017-05-22 20:05
Batman Forever - The Arcade Game (USA).zip,15.88 MB,2017-05-22 20:05
Battle Arena Toshinden Remix (USA).zip,319.13 MB,2017-05-22 20:05
Battle Arena Toshinden URA - Ultimate Revenge Attack (USA).zip,395.78 MB,2017-05-22 20:05
Battle Monsters (USA).zip,35.36 MB,2017-05-22 20:05
Battle Stations (USA).zip,459.69 MB,2017-05-22 20:05
BattleSport (USA).zip,421.64 MB,2017-05-22 20:05
Black Dawn (USA).zip,347.07 MB,2017-05-22 20:05
Black Fire (USA).zip,248.87 MB,2017-05-22 20:05
Blast Chamber (USA).zip,411.17 MB,2017-05-22 20:05
Blazing Heroes (USA).zip,125.28 MB,2017-05-22 20:05
Bootleg Sampler (USA).zip,357.84 MB,2017-05-22 20:05
Brain Dead 13 (USA).zip,527.58 MB,2017-05-22 20:05
Break Point Tennis (USA).zip,111.28 MB,2017-05-22 20:05
Bubble Bobble also featuring Rainbow Islands (USA).zip,52.56 MB,2017-05-22 20:05
Bug Too! (USA).zip,541.68 MB,2017-05-22 20:05
Bug! (USA).zip,151.27 MB,2017-05-22 20:05
Burning Rangers (USA).zip,309.88 MB,2017-05-22 20:05
Bust-A-Move 2 - Arcade Edition (USA).zip,277.59 MB,2017-05-22 20:05
Bust-A-Move 3 (USA).zip,255.96 MB,2017-05-22 20:05
Casper (USA).zip,218.46 MB,2017-05-22 20:05
Center Ring Boxing (USA).zip,123.29 MB,2017-05-22 20:05
Christmas NiGHTS into Dreams... (USA).zip,549.34 MB,2017-05-22 20:05
Clockwork Knight - Pepperouchau's Adventure (USA).zip,187.46 MB,2017-05-22 20:05
Command & Conquer (USA) (Disc 1) (GDI Disc).zip,512.80 MB,2017-05-22 20:05
Command & Conquer (USA) (Disc 2) (NOD Disc).zip,517.55 MB,2017-05-22 20:05
Courier Crisis - The Saga of the Modern Fatalist (USA).zip,228.16 MB,2017-05-22 20:05
Criticom (USA).zip,342.71 MB,2017-05-22 20:05
Croc - Legend of the Gobbos (USA).zip,456.20 MB,2017-05-22 20:05
Crusader - No Remorse (France).zip,420.80 MB,2017-05-22 20:05
Crusader - No Remorse (Germany).zip,422.36 MB,2017-05-22 20:05
Crusader - No Remorse (USA).zip,420.11 MB,2017-05-22 20:05
Custom Web Browser (Version 2) (USA).zip,15.55 MB,2017-05-22 20:05
Cyber Speedway (USA).zip,378.37 MB,2017-05-22 20:05
"Cyberia (USA) (En,Fr,De).zip",320.63 MB,2017-05-22 20:05
Darius Gaiden (USA).zip,337.74 MB,2017-05-22 20:05
Dark Savior (USA).zip,287.85 MB,2017-05-22 20:05
Daytona USA (USA).zip,362.37 MB,2017-05-22 20:05
Daytona USA - Championship Circuit Edition (USA).zip,448.59 MB,2017-05-22 20:05
Daytona USA C.C.E. Net Link Edition (USA).zip,454.29 MB,2017-05-22 20:05
Die Hard Trilogy (USA).zip,441.93 MB,2017-05-22 20:05
Doom (USA).zip,559.84 MB,2017-05-22 20:05
Dragon Force (USA).zip,274.56 MB,2017-05-22 20:05
Duke Nukem 3D (USA).zip,479.76 MB,2017-05-22 20:05
Earthworm Jim 2 (USA).zip,333.12 MB,2017-05-22 20:05
FIFA Soccer 96 (USA).zip,495.38 MB,2017-05-22 20:05
FIFA Soccer 97 (USA).zip,500.43 MB,2017-05-22 20:05
Fighters Megamix (USA) (RE).zip,511.03 MB,2017-05-22 20:05
Fighting Vipers (USA) (5S).zip,331.98 MB,2017-05-22 20:05
Fighting Vipers (USA) (6S).zip,331.98 MB,2017-05-22 20:05
Frank Thomas Big Hurt Baseball (USA).zip,259.84 MB,2017-05-22 20:05
Galactic Attack (USA).zip,453.41 MB,2017-05-22 20:05
Gex (USA).zip,184.18 MB,2017-05-22 20:05
Ghen War (USA).zip,368.97 MB,2017-05-22 20:05
Guardian Heroes (USA).zip,489.03 MB,2017-05-22 20:05
Gungriffon (USA).zip,442.80 MB,2017-05-22 20:05
Hang-On GP (USA).zip,419.22 MB,2017-05-22 20:05
Hexen (USA).zip,513.12 MB,2017-05-22 20:05
Hi-Octane - The Track Fights Back! (USA).zip,296.13 MB,2017-05-22 20:05
High Velocity - Mountain Racing Challenge (USA).zip,298.57 MB,2017-05-22 20:05
Impact Racing (USA).zip,459.67 MB,2017-05-22 20:05
Independence Day (USA).zip,346.64 MB,2017-05-22 20:05
Iron Storm (USA).zip,271.17 MB,2017-05-22 20:05
Johnny Bazookatone (USA).zip,483.93 MB,2017-05-22 20:05
Last Gladiators - Digital Pinball (USA) (3S).zip,497.33 MB,2017-05-22 20:05
Last Gladiators - Digital Pinball (USA) (4S).zip,497.33 MB,2017-05-22 20:05
"Legend of Oasis, The (USA).zip",55.59 MB,2017-05-22 20:05
"Lost World, The - Jurassic Park (USA).zip",449.22 MB,2017-05-22 20:05
Machine Head (USA).zip,481.17 MB,2017-05-22 20:05
Madden NFL 97 (USA).zip,377.05 MB,2017-05-22 20:05
Madden NFL 98 (USA).zip,453.79 MB,2017-05-22 20:05
Magic Carpet (USA).zip,368.90 MB,2017-05-22 20:05
Magic Knight Rayearth (USA).zip,473.60 MB,2017-05-22 20:05
"Mansion of Hidden Souls, The (USA).zip",356.90 MB,2017-05-22 20:05
Manx TT SuperBike (USA).zip,232.03 MB,2017-05-22 20:05
MechWarrior 2 - 31st Century Combat - Arcade Combat Edition (USA).zip,325.07 MB,2017-05-22 20:05
Mega Man 8 (USA).zip,259.75 MB,2017-05-22 20:05
Mega Man X4 (USA).zip,444.46 MB,2017-05-22 20:05
Mortal Kombat II (USA).zip,22.01 MB,2017-05-22 20:05
Mortal Kombat Trilogy (USA).zip,435.35 MB,2017-05-22 20:05
Mr. Bones (USA) (Disc 1).zip,458.46 MB,2017-05-22 20:05
Mr. Bones (USA) (Disc 2).zip,460.14 MB,2017-05-22 20:05
Myst (USA).zip,387.10 MB,2017-05-22 20:05
Mystaria - The Realms of Lore (USA).zip,239.33 MB,2017-05-22 20:05
NASCAR 98 (USA).zip,323.83 MB,2017-05-22 20:05
NBA Action (USA).zip,374.81 MB,2017-05-22 20:05
NBA Action 98 (USA).zip,228.04 MB,2017-05-22 20:05
NBA Jam - Tournament Edition (USA).zip,323.31 MB,2017-05-22 20:05
NBA Jam Extreme (USA).zip,110.67 MB,2017-05-22 20:05
NBA Live 97 (USA).zip,268.29 MB,2017-05-22 20:05
NBA Live 98 (USA).zip,370.28 MB,2017-05-22 20:05
NFL '97 (USA) (Rev A).zip,83.66 MB,2017-05-22 20:05
NFL '97 (USA).zip,83.66 MB,2017-05-22 20:05
NFL Quarterback Club 97 (USA).zip,107.05 MB,2017-05-22 20:05
NHL 97 (USA).zip,414.54 MB,2017-05-22 20:05
NHL 98 (USA).zip,406.49 MB,2017-05-22 20:05
NHL All-Star Hockey (USA) (1S).zip,417.51 MB,2017-05-22 20:05
NHL All-Star Hockey (USA) (2S).zip,417.51 MB,2017-05-22 20:05
NHL All-Star Hockey 98 (USA).zip,187.98 MB,2017-05-22 20:05
NHL Powerplay '96 (USA).zip,206.58 MB,2017-05-22 20:05
NiGHTS into Dreams... (USA) (RE).zip,450.42 MB,2017-05-22 20:05
"NiGHTS into Dreams... (USA, Brazil).zip",450.41 MB,2017-05-22 20:05
Night Warriors - Darkstalkers' Revenge (USA).zip,421.26 MB,2017-05-22 20:05
Off-World Interceptor Extreme (USA).zip,342.70 MB,2017-05-22 20:05
PGA Tour 97 (USA).zip,251.13 MB,2017-05-22 20:05
Panzer Dragoon (USA) (Playable Preview) (3S).zip,160.83 MB,2017-05-22 20:05
Panzer Dragoon (USA) (Playable Preview) (4S).zip,160.83 MB,2017-05-22 20:05
Panzer Dragoon (USA).zip,545.94 MB,2017-05-22 20:05
Panzer Dragoon II Zwei (USA).zip,389.70 MB,2017-05-22 20:05
Panzer Dragoon Saga (USA) (Disc 1).zip,474.06 MB,2017-05-22 20:05
Panzer Dragoon Saga (USA) (Disc 2).zip,413.01 MB,2017-05-22 20:05
Panzer Dragoon Saga (USA) (Disc 3).zip,466.69 MB,2017-05-22 20:05
Panzer Dragoon Saga (USA) (Disc 4).zip,476.66 MB,2017-05-22 20:05
Pebble Beach Golf Links (USA).zip,319.98 MB,2017-05-22 20:05
Quake (USA).zip,528.23 MB,2017-05-22 20:05
Rayman (USA) (Playable Game Preview).zip,278.63 MB,2017-05-22 20:05
Resident Evil (USA).zip,469.44 MB,2017-05-22 20:05
"Rise 2 - Resurrection (USA) (En,Fr,De,Es,It).zip",402.14 MB,2017-05-22 20:05
Riven - A Sequencia de Myst (Brazil) (Disc 1).zip,384.56 MB,2017-05-22 20:05
Riven - A Sequencia de Myst (Brazil) (Disc 2).zip,381.19 MB,2017-05-22 20:05
Riven - A Sequencia de Myst (Brazil) (Disc 3).zip,358.37 MB,2017-05-22 20:05
Riven - A Sequencia de Myst (Brazil) (Disc 4).zip,317.86 MB,2017-05-22 20:05
Road & Track Presents - The Need for Speed (USA).zip,565.82 MB,2017-05-22 20:05
Road Rash (USA).zip,459.71 MB,2017-05-22 20:05
Robo Pit (USA).zip,303.93 MB,2017-05-22 20:05
Robotica (USA).zip,103.78 MB,2017-05-22 20:05
Romance of the Three Kingdoms IV - Wall of Fire (USA).zip,427.51 MB,2017-05-22 20:05
Saturn Bomberman (USA).zip,484.37 MB,2017-05-22 20:05
Sega Rally Championship (USA).zip,403.36 MB,2017-05-22 20:05
Sega Saturn Choice Cuts (USA) (RE).zip,176.63 MB,2017-05-22 20:05
Sega Screams Volume 1 (USA).zip,478.98 MB,2017-05-22 20:05
Sega Worldwide Soccer '97 (USA).zip,472.50 MB,2017-05-22 20:05
Shanghai - Triple-Threat (USA).zip,4.21 MB,2017-05-22 20:05
Shining Force III (USA) (Beta).zip,165.21 MB,2017-05-22 20:05
Shining Force III (USA).zip,165.21 MB,2017-05-22 20:05
Shining Wisdom (USA).zip,49.61 MB,2017-05-22 20:05
Shining the Holy Ark (USA).zip,180.73 MB,2017-05-22 20:05
SimCity 2000 (USA).zip,92.54 MB,2017-05-22 20:05
Sky Target (USA).zip,492.36 MB,2017-05-22 20:05
Slam 'n Jam '96 featuring Magic & Kareem - Signature Edition (USA).zip,100.57 MB,2017-05-22 20:05
Sonic 3D Blast (USA).zip,571.01 MB,2017-05-22 20:05
Sonic Jam (USA).zip,449.86 MB,2017-05-22 20:05
"Sonic R (USA, Brazil).zip",575.96 MB,2017-05-22 20:05
Soviet Strike (USA).zip,530.53 MB,2017-05-22 20:05
Spot Goes to Hollywood (USA).zip,512.92 MB,2017-05-22 20:05
Street Fighter - The Movie (USA) (8S).zip,524.57 MB,2017-05-22 20:05
Street Fighter Alpha 2 (USA).zip,399.22 MB,2017-05-22 20:05
Street Fighter Collection (USA) (Disc 1).zip,545.60 MB,2017-05-22 20:05
Street Fighter Collection (USA) (Disc 2).zip,408.57 MB,2017-05-22 20:05
Super Puzzle Fighter II Turbo (USA).zip,390.82 MB,2017-05-22 20:05
TNN Motor Sports HardCore 4X4 (USA).zip,290.98 MB,2017-05-22 20:05
Tetris Plus (USA).zip,503.87 MB,2017-05-22 20:05
Theme Park (USA).zip,201.61 MB,2017-05-22 20:05
Three Dirty Dwarves (USA) (RE).zip,363.68 MB,2017-05-22 20:05
Thunderstrike 2 (USA).zip,404.91 MB,2017-05-22 20:05
Tomb Raider (USA).zip,368.35 MB,2017-05-22 20:05
Ultimate Mortal Kombat 3 (USA).zip,331.05 MB,2017-05-22 20:05
VR Golf '97 (USA).zip,303.10 MB,2017-05-22 20:05
VR Soccer (USA).zip,73.91 MB,2017-05-22 20:05
Virtua Cop (USA) (6S).zip,413.18 MB,2017-05-22 20:05
"Virtua Cop (USA) (8S, 12S).zip",413.19 MB,2017-05-22 20:05
Virtua Cop 2 (USA).zip,286.52 MB,2017-05-22 20:05
Virtua Fighter (USA).zip,498.81 MB,2017-05-22 20:05
Virtua Fighter 2 (USA) (RE).zip,547.56 MB,2017-05-22 20:05
Virtua Fighter 2 (USA).zip,547.53 MB,2017-05-22 20:05
Virtua Fighter Remix (USA).zip,500.32 MB,2017-05-22 20:05
Virtua Racing (USA) (12S).zip,228.27 MB,2017-05-22 20:05
Virtua Racing (USA) (15S).zip,228.27 MB,2017-05-22 20:05
Virtual On - Cyber Troopers (USA).zip,322.93 MB,2017-05-22 20:05
Virtual Open Tennis (USA).zip,464.07 MB,2017-05-22 20:05
WWF In Your House (USA).zip,389.50 MB,2017-05-22 20:05
WWF WrestleMania - The Arcade Game (USA).zip,436.40 MB,2017-05-22 20:05
WarCraft II - The Dark Saga (USA).zip,460.99 MB,2017-05-22 20:05
Wing Arms (USA).zip,368.59 MB,2017-05-22 20:05
WipEout (USA).zip,536.57 MB,2017-05-22 20:05
World Series Baseball (USA).zip,80.25 MB,2017-05-22 20:05
World Series Baseball 98 (USA).zip,323.07 MB,2017-05-22 20:05
World Series Baseball II (USA) (1S).zip,257.01 MB,2017-05-22 20:05
World Series Baseball II (USA) (2S).zip,257.01 MB,2017-05-22 20:05
"Worldwide Soccer '98 (USA) (En,Fr,Es).zip",318.40 MB,2017-05-22 20:05
Worldwide Soccer - Sega International Victory Goal Edition (USA) (RE).zip,415.78 MB,2017-05-22 20:05
X-Men - Children of the Atom (USA).zip,519.06 MB,2017-05-22 20:05