18 Wheeler - American Pro Trucker (USA).zip,215.26 MB,2017-05-22 18:05,USA
4 Wheel Thunder (USA).zip,722.62 MB,2017-05-22 18:05,USA
4x4 Evo (USA).zip,310.41 MB,2017-05-22 18:05,USA
AeroWings (USA).zip,785.70 MB,2017-05-22 18:05,USA
AeroWings 2 - Airstrike (USA).zip,735.12 MB,2017-05-22 18:05,USA
AirForce Delta (USA).zip,829.51 MB,2017-05-22 18:05,USA
Alienfront Online (USA).zip,186.30 MB,2017-05-22 18:05,USA
Alone in the Dark - The New Nightmare (USA) (Disc 1).zip,902.83 MB,2017-05-22 18:05,USA
Alone in the Dark - The New Nightmare (USA) (Disc 2).zip,994.19 MB,2017-05-22 18:05,USA
Armada (USA).zip,802.01 MB,2017-05-22 18:05,USA
Army Men - Sarge_-_s Heroes (USA).zip,441.42 MB,2017-05-22 18:05,USA
Atari Anniversary Edition (USA).zip,577.85 MB,2017-05-22 18:05,USA
Bang! Gunship Elite (USA).zip,608.10 MB,2017-05-22 18:05,USA
Bangai-O (USA).zip,643.10 MB,2017-05-22 18:05,USA
Blue Stinger (USA).zip,784.57 MB,2017-05-22 18:05,USA
Bomberman Online (USA).zip,598.95 MB,2017-05-22 18:05,USA
Bust-A-Move 4 (USA).zip,240.38 MB,2017-05-22 18:05,USA
Caesars Palace 2000 - Millennium Gold Edition (USA).zip,272.57 MB,2017-05-22 18:05,USA
Cannon Spike (USA).zip,166.05 MB,2017-05-22 18:05,USA
Capcom vs. SNK (USA).zip,931.12 MB,2017-05-22 18:05,USA
Championship Surfer (USA).zip,409.63 MB,2017-05-22 18:05,USA
Chicken Run (USA).zip,1.01 GB,2017-05-22 18:05,USA
"ChuChu Rocket! (USA) (En,Ja,Fr,De,Es).zip",370.36 MB,2017-05-22 18:05,USA
Coaster Works (USA).zip,150.05 MB,2017-05-22 18:05,USA
Crazy Taxi (USA).zip,105.68 MB,2017-05-22 18:05,USA
Crazy Taxi 2 (USA).zip,142.01 MB,2017-05-22 18:05,USA
D2 (USA) (Disc 1).zip,732.08 MB,2017-05-22 18:05,USA
D2 (USA) (Disc 2).zip,713.38 MB,2017-05-22 18:05,USA
D2 (USA) (Disc 3).zip,801.22 MB,2017-05-22 18:05,USA
D2 (USA) (Disc 4).zip,837.48 MB,2017-05-22 18:05,USA
Dave Mirra Freestyle BMX (USA).zip,388.37 MB,2017-05-22 18:05,USA
Daytona USA (USA).zip,491.84 MB,2017-05-22 18:05,USA
Dead or Alive 2 (USA).zip,289.66 MB,2017-05-22 18:05,USA
Death Crimson OX (USA).zip,168.46 MB,2017-05-22 18:05,USA
Dino Crisis (USA).zip,608.48 MB,2017-05-22 18:05,USA
Disney_-_s 102 Dalmatians - Puppies to the Rescue (USA).zip,508.19 MB,2017-05-22 18:05,USA
Draconus - Cult of the Wyrm (USA).zip,947.48 MB,2017-05-22 18:05,USA
Ducati World - Racing Challenge (USA).zip,578.08 MB,2017-05-22 18:05,USA
Dynamite Cop! (USA).zip,257.77 MB,2017-05-22 18:05,USA
ECW Anarchy Rulz (USA).zip,495.58 MB,2017-05-22 18:05,USA
ECW Hardcore Revolution (USA).zip,324.70 MB,2017-05-22 18:05,USA
ESPN International Track & Field (USA).zip,155.27 MB,2017-05-22 18:05,USA
ESPN NBA 2Night (USA).zip,414.87 MB,2017-05-22 18:05,USA
"Ecco the Dolphin - Defender of the Future (USA) (En,Fr,De,Es).zip",711.21 MB,2017-05-22 18:05,USA
"Expendable (USA) (En,Fr,De,Es,It).zip",813.88 MB,2017-05-22 18:05,USA
F355 Challenge - Passione Rossa (USA).zip,311.53 MB,2017-05-22 18:05,USA
Fatal Fury - Mark of the Wolves (USA).zip,469.29 MB,2017-05-22 18:05,USA
Flag to Flag (USA).zip,882.97 MB,2017-05-22 18:05,USA
Frogger 2 - Swampy_-_s Revenge (USA).zip,367.65 MB,2017-05-22 18:05,USA
"Fur Fighters (USA) (En,Fr,De,Es) (Rev B).zip",862.50 MB,2017-05-22 18:05,USA
Gauntlet Legends (USA).zip,498.68 MB,2017-05-22 18:05,USA
Generator Vol. 1 (USA).zip,788.63 MB,2017-05-22 18:05,USA
GigaWing (USA).zip,348.72 MB,2017-05-22 18:05,USA
GigaWing 2 (USA).zip,335.78 MB,2017-05-22 18:05,USA
Grand Theft Auto 2 (USA).zip,386.41 MB,2017-05-22 18:05,USA
"Grinch, The (USA) (En,Fr,Es).zip",309.59 MB,2017-05-22 18:05,USA
Gunbird 2 (USA).zip,211.01 MB,2017-05-22 18:05,USA
Gundam Side Story 0079 - Rise from the Ashes (USA).zip,504.65 MB,2017-05-22 18:05,USA
Heavy Metal - Geomatrix (USA).zip,245.65 MB,2017-05-22 18:05,USA
"House of the Dead 2, The (USA).zip",515.28 MB,2017-05-22 18:05,USA
Hydro Thunder (USA) (Rev A).zip,649.59 MB,2017-05-22 18:05,USA
Hydro Thunder (USA).zip,638.13 MB,2017-05-22 18:05,USA
Internet Browser V3.0 for Dreamcast (USA).zip,651.79 MB,2017-05-22 18:05,USA
Jet Grind Radio (USA).zip,766.42 MB,2017-05-22 18:05,USA
JoJo_-_s Bizarre Adventure (USA).zip,132.21 MB,2017-05-22 18:05,USA
"Kao the Kangaroo (USA) (En,Es).zip",671.33 MB,2017-05-22 18:05,USA
"King of Fighters, The - Dream Match 1999 (USA) (En,Ja,Es,Pt).zip",709.67 MB,2017-05-22 18:05,USA
"King of Fighters, The - Evolution (USA) (En,Ja,Es,Pt).zip",266.12 MB,2017-05-22 18:05,USA
"Last Blade 2, The - Heart of the Samurai (USA).zip",287.69 MB,2017-05-22 18:05,USA
Legacy of Kain - Soul Reaver (USA).zip,395.69 MB,2017-05-22 18:05,USA
MDK2 (USA).zip,1001.37 MB,2017-05-22 18:05,USA
MSR - Metropolis Street Racer (USA) (Rev. A).zip,752.59 MB,2017-05-22 18:05,USA
MTV Sports - Skateboarding featuring Andy Macdonald (USA).zip,300.23 MB,2017-05-22 18:05,USA
"MagForce Racing (USA) (En,Fr,De,Es,It).zip",586.84 MB,2017-05-22 18:05,USA
Maken X (USA).zip,663.68 MB,2017-05-22 18:05,USA
Mars Matrix (USA).zip,295.85 MB,2017-05-22 18:05,USA
Marvel vs. Capcom - Clash of Super Heroes (USA).zip,342.13 MB,2017-05-22 18:05,USA
Max Steel - Covert Missions (USA).zip,613.64 MB,2017-05-22 18:05,USA
Maximum Pool (USA).zip,378.08 MB,2017-05-22 18:05,USA
Midway_-_s Greatest Arcade Hits - Volume 1 (USA).zip,59.80 MB,2017-05-22 18:05,USA
Midway_-_s Greatest Arcade Hits - Volume 2 (USA).zip,318.58 MB,2017-05-22 18:05,USA
Mortal Kombat Gold (USA).zip,779.44 MB,2017-05-22 18:05,USA
Mr. Driller (USA).zip,470.28 MB,2017-05-22 18:05,USA
Ms. Pac-Man Maze Madness (USA).zip,485.65 MB,2017-05-22 18:05,USA
NBA 2K (USA).zip,590.73 MB,2017-05-22 18:05,USA
NBA 2K1 (USA).zip,626.54 MB,2017-05-22 18:05,USA
NBA 2K2 (USA).zip,619.43 MB,2017-05-22 18:05,USA
NBA Hoopz (USA).zip,636.42 MB,2017-05-22 18:05,USA
NBA Showtime - NBA on NBC (USA).zip,651.06 MB,2017-05-22 18:05,USA
NCAA College Football 2K2 - Road to the Rose Bowl (USA).zip,662.89 MB,2017-05-22 18:05,USA
NFL 2K (USA).zip,772.30 MB,2017-05-22 18:05,USA
NFL 2K1 (USA).zip,805.68 MB,2017-05-22 18:05,USA
NFL 2K2 (USA).zip,817.92 MB,2017-05-22 18:05,USA
NFL Quarterback Club 2000 (USA).zip,150.13 MB,2017-05-22 18:05,USA
NHL 2K (USA).zip,572.51 MB,2017-05-22 18:05,USA
NHL 2K2 (USA).zip,695.73 MB,2017-05-22 18:05,USA
Namco Museum (USA).zip,39.23 MB,2017-05-22 18:05,USA
Nightmare Creatures II (USA).zip,505.82 MB,2017-05-22 18:05,USA
Official Sega Dreamcast Magazine Vol. 10 - January 2001 (USA).zip,725.07 MB,2017-05-22 18:05,USA
Official Sega Dreamcast Magazine Vol. 2 - November 1999 (USA).zip,346.86 MB,2017-05-22 18:05,USA
Official Sega Dreamcast Magazine Vol. 3 - January 2000 (USA).zip,344.14 MB,2017-05-22 18:05,USA
Official Sega Dreamcast Magazine Vol. 4 - March 2000 (USA).zip,293.54 MB,2017-05-22 18:05,USA
Official Sega Dreamcast Magazine Vol. 6 - July 2000 (USA).zip,525.83 MB,2017-05-22 18:05,USA
Official Sega Dreamcast Magazine Vol. 7 - September 2000 (USA).zip,510.66 MB,2017-05-22 18:05,USA
Official Sega Dreamcast Magazine Vol. 8 - November 2000 (USA).zip,727.79 MB,2017-05-22 18:05,USA
Official Sega Dreamcast Magazine Vol. 9 - December 2000 (USA).zip,712.79 MB,2017-05-22 18:05,USA
"Omikron - The Nomad Soul (USA) (En,Fr,De,Es,It).zip",793.46 MB,2017-05-22 18:05,USA
"Phantasy Star Online (USA) (En,Ja,Fr,De,Es) (Rev B).zip",670.33 MB,2017-05-22 18:05,USA
"Phantasy Star Online Ver. 2 (USA) (En,Ja,Fr,De,Es).zip",731.23 MB,2017-05-22 18:05,USA
Plasma Sword - Nightmare of Bilstein (USA).zip,881.81 MB,2017-05-22 18:05,USA
Power Stone (USA).zip,140.71 MB,2017-05-22 18:05,USA
Power Stone 2 (USA).zip,327.80 MB,2017-05-22 18:05,USA
Prince of Persia - Arabian Nights (USA).zip,739.96 MB,2017-05-22 18:05,USA
Project Justice (USA).zip,966.34 MB,2017-05-22 18:05,USA
Psychic Force 2012 (USA).zip,614.84 MB,2017-05-22 18:05,USA
Q-bert (USA).zip,258.55 MB,2017-05-22 18:05,USA
Quake III - Arena (USA).zip,649.95 MB,2017-05-22 18:05,USA
Re-Volt (USA).zip,583.69 MB,2017-05-22 18:05,USA
Ready 2 Rumble Boxing (USA) (RE).zip,473.86 MB,2017-05-22 18:05,USA
Ready 2 Rumble Boxing (USA).zip,473.86 MB,2017-05-22 18:05,USA
Record of Lodoss War (USA).zip,536.33 MB,2017-05-22 18:05,USA
Reel Fishing + Wild (USA).zip,592.89 MB,2017-05-22 18:05,USA
Resident Evil - Code - Veronica (USA) (Disc 1).zip,674.97 MB,2017-05-22 18:05,USA
Resident Evil - Code - Veronica (USA) (Disc 2).zip,728.66 MB,2017-05-22 18:05,USA
Resident Evil 2 (USA) (Disc 1).zip,825.25 MB,2017-05-22 18:05,USA
Resident Evil 2 (USA) (Disc 2).zip,826.92 MB,2017-05-22 18:05,USA
Resident Evil 3 - Nemesis (USA).zip,762.01 MB,2017-05-22 18:05,USA
Rippin_-_ Riders (USA).zip,639.97 MB,2017-05-22 18:05,USA
Roadsters (USA).zip,366.68 MB,2017-05-22 18:05,USA
Seaman (USA).zip,847.25 MB,2017-05-22 18:05,USA
Sega Bass Fishing (USA).zip,119.64 MB,2017-05-22 18:05,USA
Sega GT (USA).zip,784.49 MB,2017-05-22 18:05,USA
Sega Rally 2 (USA).zip,767.93 MB,2017-05-22 18:05,USA
Sega Smash Pack - Volume 1 (USA).zip,402.18 MB,2017-05-22 18:05,USA
Shadow Man (USA).zip,306.40 MB,2017-05-22 18:05,USA
Shenmue (USA) (Disc 1).zip,518.05 MB,2017-05-22 18:05,USA
Shenmue (USA) (Disc 2).zip,464.88 MB,2017-05-22 18:05,USA
Shenmue (USA) (Disc 3).zip,540.08 MB,2017-05-22 18:05,USA
Shenmue (USA) (Shenmue Passport).zip,689.18 MB,2017-05-22 18:05,USA
Silent Scope (USA).zip,117.98 MB,2017-05-22 18:05,USA
Skies of Arcadia (USA) (Disc 1).zip,698.32 MB,2017-05-22 18:05,USA
Skies of Arcadia (USA) (Disc 2).zip,710.39 MB,2017-05-22 18:05,USA
Slave Zero (USA).zip,201.38 MB,2017-05-22 18:05,USA
"Sonic Adventure (USA) (En,Ja,Fr,De,Es) (Rev A).zip",1.02 GB,2017-05-22 18:05,USA
"Sonic Adventure 2 - The Trial (USA, Japan) (En,Ja).zip",112.32 MB,2017-05-22 18:05,USA
Soul Fighter (USA).zip,761.44 MB,2017-05-22 18:05,USA
Soulcalibur (USA).zip,710.94 MB,2017-05-22 18:05,USA
South Park - Chef_-_s Luv Shack (USA).zip,256.53 MB,2017-05-22 18:05,USA
Space Channel 5 (USA).zip,976.86 MB,2017-05-22 18:05,USA
Spawn - In the Demon_-_s Hand (USA).zip,659.76 MB,2017-05-22 18:05,USA
Speed Devils (USA).zip,633.26 MB,2017-05-22 18:05,USA
Star Wars - Episode I - Racer (USA).zip,341.34 MB,2017-05-22 18:05,USA
StarLancer (USA).zip,724.78 MB,2017-05-22 18:05,USA
Street Fighter Alpha 3 (USA).zip,629.24 MB,2017-05-22 18:05,USA
Street Fighter III - 3rd Strike (USA).zip,342.84 MB,2017-05-22 18:05,USA
Street Fighter III - Double Impact (USA).zip,266.78 MB,2017-05-22 18:05,USA
Surf Rocket Racers (USA).zip,225.67 MB,2017-05-22 18:05,USA
Sword of the Berserk - Guts_-_ Rage (USA).zip,621.17 MB,2017-05-22 18:05,USA
Sydney 2000 (USA).zip,588.28 MB,2017-05-22 18:05,USA
Tee Off (USA).zip,446.33 MB,2017-05-22 18:05,USA
"Tennis 2K2 (USA) (En,Ja,Fr,De,Es) (Rev A).zip",247.12 MB,2017-05-22 18:05,USA
Time Stalkers (USA).zip,225.75 MB,2017-05-22 18:05,USA
Tokyo Xtreme Racer (USA).zip,585.98 MB,2017-05-22 18:05,USA
Tokyo Xtreme Racer 2 (USA).zip,509.21 MB,2017-05-22 18:05,USA
Tomb Raider - The Last Revelation (USA).zip,785.12 MB,2017-05-22 18:05,USA
Tony Hawk_-_s Pro Skater (USA).zip,438.38 MB,2017-05-22 18:05,USA
Tony Hawk_-_s Pro Skater 2 (USA).zip,749.73 MB,2017-05-22 18:05,USA
"Toy Commander (USA) (En,Fr,De,Es).zip",720.38 MB,2017-05-22 18:05,USA
TrickStyle (USA).zip,411.57 MB,2017-05-22 18:05,USA
Unreal Tournament (USA).zip,772.16 MB,2017-05-22 18:05,USA
"Urban Chaos (USA) (En,Fr).zip",652.63 MB,2017-05-22 18:05,USA
Vigilante 8 - 2nd Offense (USA).zip,654.71 MB,2017-05-22 18:05,USA
"Virtua Athlete 2000 (USA) (En,Fr,De,Es).zip",90.05 MB,2017-05-22 18:05,USA
Virtua Fighter 3tb (USA).zip,564.31 MB,2017-05-22 18:05,USA
WWF Royal Rumble (USA).zip,185.71 MB,2017-05-22 18:05,USA
Walt Disney World Quest - Magical Racing Tour (USA).zip,736.78 MB,2017-05-22 18:05,USA
Web Browser (USA) (Rev A).zip,45.74 MB,2017-05-22 18:05,USA
Web Browser (USA).zip,45.74 MB,2017-05-22 18:05,USA
Web Browser 2.0 (USA).zip,82.52 MB,2017-05-22 18:05,USA
Wetrix+ (USA).zip,356.76 MB,2017-05-22 18:05,USA
Who Wants to Beat Up a Millionaire (USA).zip,202.13 MB,2017-05-22 18:05,USA
World Series Baseball 2K2 (USA).zip,497.55 MB,2017-05-22 18:05,USA
"Worms Armageddon (USA) (En,Fr,De,Nl,Sv,No,Da).zip",760.80 MB,2017-05-22 18:05,USA
"Worms World Party (USA) (En,Fr,De,Es,It,Nl,Sv,Da).zip",788.80 MB,2017-05-22 18:05,USA