007_Legends-US-WiiULoadiine.rar,9.23 GB,2020-01-31 21:01,WIIU Scene
007_Legends_EUR_WiiU-VENOM_WUD_.rar,9.33 GB,2020-01-31 21:01,WIIU Scene
1001_Spikes-EUR-LOADIINE.rar,125.76 MB,2020-01-31 21:01,WIIU Scene
1001_Spikes___40_eShop__41___WM9ENV_.rar,118.95 MB,2020-01-31 21:01,WIIU Scene
1080_Snowboarding_N64.rar,36.59 MB,2020-01-31 21:01,WIIU Scene
360_Breakout_eShop_EUR_WiiU-LaKiTu.rar,104.55 MB,2020-01-31 21:01,WIIU Scene
6180_The_Moon_eShop_EUR_WiiU-LaKiTu.rar,197.75 MB,2020-01-31 21:01,WIIU Scene
99Moves__BMVPUP_.rar,144.64 MB,2020-01-31 21:01,WIIU Scene
99_Seconds___40_eShop__41___WCQPUP_.rar,57.22 MB,2020-01-31 21:01,WIIU Scene
A_World_of_Keflings_USA_EN_ES_FR.rar,190.57 MB,2020-01-31 21:01,WIIU Scene
Abyss_AVKES1_eShop.rar,40.18 MB,2020-01-31 21:01,WIIU Scene
Abyss__AVKES1_.rar,39.01 MB,2020-01-31 21:01,WIIU Scene
Advance_Wars_Dual_Strike.rar,43.30 MB,2020-01-31 21:01,WIIU Scene
Adventure.Time.Explore.the.Dungeon.Because.i.DONT.KNOW.USA.rar,23.65 GB,2020-01-31 21:01,WIIU Scene
Adventure_Time_Explore_The_Dungeon_Because_I_Dont_Know_EUR_MULTi5.rar,2.10 GB,2020-01-31 21:01,WIIU Scene
Adventure_Time_Finn_And_Jake_Investigations_USA_MULTi4.rar,2.57 GB,2020-01-31 21:01,WIIU Scene
Adventure_Time_Finn_and_Jake_Investigations_MULTi5_EUR.rar,23.65 GB,2020-01-31 21:01,WIIU Scene
Adventures_of_Pip_BAPP1X_eShop.rar,177.50 MB,2020-01-31 21:01,WIIU Scene
Affordable_Space_Adventures_AFSPYV_eShop.rar,729.90 MB,2020-01-31 21:01,WIIU Scene
Angry.Birds.Star.Wars.USA.tar,23.30 GB,2020-01-31 21:01,WIIU Scene
Angry_Birds_Star_Wars_EUR_MULTi5.rar,2.37 GB,2020-01-31 21:01,WIIU Scene
Angry_Birds_Trilogy_EUR.rar,2.74 GB,2020-01-31 21:01,WIIU Scene
Angry_Birds_Trilogy_USA.rar,1.44 GB,2020-01-31 21:01,WIIU Scene
Angry_Video_Game_Nerd_Adventures_EUR.rar,33.31 MB,2020-01-31 21:01,WIIU Scene
Animal_Crossing_Amiibo_Festival_EUR.rar,3.09 GB,2020-01-31 21:01,WIIU Scene
Animal_Crossing_Amiibo_Festival_JAP_WiiU_wud.rar,2.33 GB,2020-01-31 21:01,WIIU Scene
Animal_Crossing_Amiibo_Festival_USA_MULTi3_COMPLETE_WiiU-_wud.rar,2.54 GB,2020-01-31 21:01,WIIU Scene
Another_World_20th_Anniversary_Edition_eShop_WEUPUC_EUR.rar,141.26 MB,2020-01-31 21:01,WIIU Scene
Armillo_WMLP9T_eShop.rar,823.92 MB,2020-01-31 21:01,WIIU Scene
Art_Academy_Atelier_EUR.rar,6.28 GB,2020-01-31 21:01,WIIU Scene
Ascent_of_Kings_eShop_AKSP7D_EUR.rar,29.54 MB,2020-01-31 21:01,WIIU Scene
Assassins_Creed_3_EUR.tar,19.72 GB,2020-01-31 21:01,WIIU Scene
Assassins_Creed_III_USA_MULTi4_WiiU_wud.rar,16.13 GB,2020-01-31 21:01,WIIU Scene
Assassins_Creed_IV_Black_Flag_EUR.rar,14.15 GB,2020-01-31 21:01,WIIU Scene
Assassins_Creed_IV_Black_Flag_USA_WiiU-wud.rar,13.77 GB,2020-01-31 21:01,WIIU Scene
Axiom_Verge.rar,125.45 MB,2020-01-31 21:01,WIIU Scene
BIT_TRIP_Presents_Runner2_-_Future_Legend_Of_Rythm_Alien___40_eShop__41___WBTPXY_.rar,833.79 MB,2020-01-31 21:01,WIIU Scene
Badland_-_Game_Of_The_Year_Edition_BADP37_eShop.rar,122.48 MB,2020-01-31 21:01,WIIU Scene
Baila_Latino_MULTi5_COMPLETE_EUR.rar,23.65 GB,2020-01-31 21:01,WIIU Scene
Barbie_And_Her_Sisters_Puppy_Rescue_EUR.rar,2.73 GB,2020-01-31 21:01,WIIU Scene
Barbie_Dreamhouse_Party_EUR.rar,3.86 GB,2020-01-31 21:01,WIIU Scene
Baseball_VC_NES_NTSC_USA_eShop.rar,3.60 MB,2020-01-31 21:01,WIIU Scene
Bases_Loaded_VC_NES_NTSC_USA_eShop.rar,3.77 MB,2020-01-31 21:01,WIIU Scene
Batman_Ark_City_Arm_Edi_EUR_MULTi6_WiiU_wud.part1.rar,9.77 GB,2020-01-31 21:01,WIIU Scene
Batman_Ark_City_Arm_Edi_EUR_MULTi6_WiiU_wud.part2.rar,8.51 GB,2020-01-31 21:01,WIIU Scene
Batman_Arkham_City_Armored_Edition_USA_MULTi4.rar,18.60 GB,2020-01-31 21:01,WIIU Scene
Batman_Arkham_Origins_Blackgate_-_Deluxe_Edition_WBMPWR_EUR.rar,1.93 GB,2020-01-31 21:01,WIIU Scene
Batman_Arkham_Origins_EUR_MULTi5.rar,15.92 GB,2020-01-31 21:01,WIIU Scene
Batman_Arkham_Origins_USA.rar,13.57 GB,2020-01-31 21:01,WIIU Scene
Bayonetta_2_EUR_MULTi5.rar,13.17 GB,2020-01-31 21:01,WIIU Scene
Bayonetta_2_JPN.rar,14.76 GB,2020-01-31 21:01,WIIU Scene
Bayonetta_2_USA.rar,15.59 GB,2020-01-31 21:01,WIIU Scene
Beatbuddy___40_eShop__41___BTBP3S_.rar,1.18 GB,2020-01-31 21:01,WIIU Scene
Ben.10.Omniverse.2.USA.WiiU.rar,2.92 GB,2020-01-31 21:01,WIIU Scene
Ben.10.Omniverse.USA.WiiU.rar,2.86 GB,2020-01-31 21:01,WIIU Scene
Ben_10_Omniverse_2_EU_WiiU.rar,3.08 GB,2020-01-31 21:01,WIIU Scene
Ben_10_Omniverse_EU_WiiU.rar,3.04 GB,2020-01-31 21:01,WIIU Scene
Blocky_Bot_eShop_BYBPUO_EUR_WiiU-BCG.rar,54.33 MB,2020-01-31 21:01,WIIU Scene
Blok_Drop_U_WBUE8U_eShop_WiiU-BCG.rar,22.21 MB,2020-01-31 21:01,WIIU Scene
Bombing_Bastards_WBXPSS_eShop_WiiU-BCG.rar,335.97 MB,2020-01-31 21:01,WIIU Scene
Bonks_Adventure_TurboGrafx_VC_WiiU-TRSI.rar,41.76 MB,2020-01-31 21:01,WIIU Scene
Breath_of_Fire_2_SNES_VC_WiiU-TRSI.rar,13.78 MB,2020-01-31 21:01,WIIU Scene
Breath_of_Fire_REPACK_SNES_VC_WiiU-LiNKLE.rar,12.72 MB,2020-01-31 21:01,WIIU Scene
Brunswick_Pro_Bowling_USA_COMPLETE_WiiU-PUSSYCAT.rar,1.69 GB,2020-01-31 21:01,WIIU Scene
Brunswick_Pro_Bowling_WiiU-PACT.rar,313.80 MB,2020-01-31 21:01,WIIU Scene
Cabelas_Big_Game_Hunter_Pro_Hunts_USA_WiiU_wud.rar,4.04 GB,2020-01-31 21:01,WIIU Scene
Cabelas_Dangerous_Hunts_2013_EUR_WiiU-VENOM.rar,6.19 GB,2020-01-31 21:01,WIIU Scene
Cabelas_Dangerous_Hunts_2013_PROPER_USA_MULTi2_WiiU_wud.rar,6.01 GB,2020-01-31 21:01,WIIU Scene
Call_Of_Duty_Black_Ops_II_ES_IT_WiiU_wud.part1.rar,9.77 GB,2020-01-31 21:01,WIIU Scene
Call_Of_Duty_Black_Ops_II_ES_IT_WiiU_wud.part2.rar,8.95 GB,2020-01-31 21:01,WIIU Scene
Call_Of_Duty_Black_Ops_II_EUR_EN_FR_WiiU_wud.part1.rar,9.77 GB,2020-01-31 21:01,WIIU Scene
Call_Of_Duty_Black_Ops_II_EUR_EN_FR_WiiU_wud.part2.rar,8.87 GB,2020-01-31 21:01,WIIU Scene
Call_Of_Duty_Ghosts.USA.rar,23.31 GB,2020-01-31 21:01,WIIU Scene
Call_Of_Duty_Ghosts_EUR_MULTi2_WiiU_wud.part1.rar,9.77 GB,2020-01-31 21:01,WIIU Scene
Call_Of_Duty_Ghosts_EUR_MULTi2_WiiU_wud.part2.rar,7.88 GB,2020-01-31 21:01,WIIU Scene
Call_of_Duty_Black_Ops_2_GERMAN_EUR_WiiU_wud.part1.rar,9.77 GB,2020-01-31 21:01,WIIU Scene
Call_of_Duty_Black_Ops_2_GERMAN_EUR_WiiU_wud.part2.rar,9.77 GB,2020-01-31 21:01,WIIU Scene
Call_of_Duty_Black_Ops_2_GERMAN_EUR_WiiU_wud.part3.rar,3.78 GB,2020-01-31 21:01,WIIU Scene
Call_of_Duty_Ghosts_EU_ES-EN-FR-GER-IT.rar,17.52 GB,2020-01-31 21:01,WIIU Scene
Captain_Toad_Treasure_Tracker_EUR_WiiU_wud.rar,2.47 GB,2020-01-31 21:01,WIIU Scene
Cars_3_Driven_To_Win_EUR_MULTi8_WiiU_wud.rar,4.10 GB,2020-01-31 21:01,WIIU Scene
Cars_3_Driven_to_Win_USA_WiiU_wud.rar,3.79 GB,2020-01-31 21:01,WIIU Scene
CastleStorm_eShop.rar,282.99 MB,2020-01-31 21:01,WIIU Scene
Castlevania_Dracula_X-VC-SNES-NTSC-USA.rar,8.54 MB,2020-01-31 21:01,WIIU Scene
Child_Of_Light_ACLP41_eShop_WiiU-BCG.rar,2.24 GB,2020-01-31 21:01,WIIU Scene
Chompy_Chomp_Chomp_Party_BCHP49_eShop_WiiU-BCG.rar,175.34 MB,2020-01-31 21:01,WIIU Scene
Christmas_Adventure_of_Rocket_Penguin_WiiU-PACT.rar,37.93 MB,2020-01-31 21:01,WIIU Scene
Chronicles_Of_Teddy_-_Harmony_Of_Exidus_AF2PXS_eShop_WiiU-BCG.rar,271.85 MB,2020-01-31 21:01,WIIU Scene
Citizens_Of_Earth_eShop_WCUPEB_EUR_WiiU-BCG.rar,1.16 GB,2020-01-31 21:01,WIIU Scene
Coaster_Crazy_Deluxe_WCDPHL_eShop.rar,407.43 MB,2020-01-31 21:01,WIIU Scene
Coaster_Crazy_Deluxe_WiiU-iCON.rar,393.22 MB,2020-01-31 21:01,WIIU Scene
Cocoto_Magic_Circus_2_MULTi11_EUR.rar,437.18 MB,2020-01-31 21:01,WIIU Scene
Color_Bombs_eShop.rar,51.68 MB,2020-01-31 21:01,WIIU Scene
Color_Zen_Kids_eShop_WKDPYR_EUR.rar,77.47 MB,2020-01-31 21:01,WIIU Scene
Cube_Life_Island_Survival_eShop_EUR.rar,150.64 MB,2020-01-31 21:01,WIIU Scene
Darksiders_II_EUR_MULTI5.rar,9.31 GB,2020-01-31 21:01,WIIU Scene
Darksiders_Warmastered_Edition_EUR_MULTi11.rar,12.11 GB,2020-01-31 21:01,WIIU Scene
Deus_Ex_Human_Revolution_Directors_Cut_USA_MULTi3_WiiU-PUSSYCAT.rar,14.12 GB,2020-01-31 21:01,WIIU Scene
DevilS_Third___40_EUR__41___Loadiine_.rar,13.41 GB,2020-01-31 21:01,WIIU Scene
Devils_Third___40_USA__41__WII_U_ISO___40_LOADIINE__41_.rar,13.41 GB,2020-01-31 21:01,WIIU Scene
Disney_Epic_Mickey_2_The_Power_of_Two_EUR_WiiU__WUPinstaller__EUR_-_USB_.rar,8.41 GB,2020-01-31 21:01,WIIU Scene
Disney_Infinity_2.0_Marvel_Super_Heroes_EUR_MULTi10_WiiU-ABSTRAKT.rar,12.38 GB,2020-01-31 21:01,WIIU Scene
Disney_Infinity_2.0_Play_Without_Limits_EUR_WiiU_wud.rar,23.31 GB,2020-01-31 21:01,WIIU Scene
Disney_Infinity_2.0_Play_Without_Limits_PROPER_USA_MULTi3_WiiU-PUSSYCAT.rar,11.42 GB,2020-01-31 21:01,WIIU Scene
Disney_Infinity_2.0_Play_Without_Limits_v05_EUR_MULTi6_WiiU-PUSSYCAT.rar,20.96 GB,2020-01-31 21:01,WIIU Scene
Disney_Infinity_3.0_Star_Wars_EUR_WiiU-ABSTRAKT.rar,12.60 GB,2020-01-31 21:01,WIIU Scene
Disney_Infinity_JAP_WiiU-PUSSYCAT.rar,8.79 GB,2020-01-31 21:01,WIIU Scene
Disney_Infinity_USA_MULTi3_WiiU-PUSSYCAT.rar,5.59 GB,2020-01-31 21:01,WIIU Scene
Disney_Planes_Fire_And_Rescue_USA_MULTi3_WiiU-PUSSYCAT.rar,1.29 GB,2020-01-31 21:01,WIIU Scene
Disney_Planes_WII_U_ISO___40_LOADIINE__41____40_EUR__41_.rar,2.88 GB,2020-01-31 21:01,WIIU Scene
Donkey_Kong_64_MULTi4_N64_VC_WiiU-TRSI.rar,44.28 MB,2020-01-31 21:01,WIIU Scene
Donkey_Kong_Country_2_Diddys_Kong_Quest__JAGP01_.rar,18.75 MB,2020-01-31 21:01,WIIU Scene
Donkey_Kong_Country_3_Dixie_Kongs_Double_Trouble__JCXP01_.rar,18.84 MB,2020-01-31 21:01,WIIU Scene
Donkey_Kong_Country_Tropical_Freeze_EUR_MULTi5_WiiU-ABSTRAKT.rar,11.71 GB,2020-01-31 21:01,WIIU Scene
Donkey_Kong_Country_Tropical_Freeze_USA_Wii_U_ISO_LOADIINE.rar,10.62 GB,2020-01-31 21:01,WIIU Scene
Donkey_Kong_Country_Tropical_Freeze___40_EUR__41___Loadiine_.rar,10.64 GB,2020-01-31 21:01,WIIU Scene
Dont_Crash_AC5E8U_eShop_WiiU-BCG.rar,32.41 MB,2020-01-31 21:01,WIIU Scene
Dont_Starve_Giant_Edition_ADAP69_eShop_WiiU-BCG.rar,301.44 MB,2020-01-31 21:01,WIIU Scene
Double_Dragon_2_VC_NES_NTSC_USA_eShop_WiiU-BCG.rar,3.92 MB,2020-01-31 21:01,WIIU Scene
Double_Dragon_III_VC_NES_NTSC_USA_eShop_WiiU-BCG.rar,3.98 MB,2020-01-31 21:01,WIIU Scene
Double_Dragon_II_The_Revenge_USA_NES_rar_eShop_WiiU-BCG.rar,3.92 MB,2020-01-31 21:01,WIIU Scene
Double_Dragon_VC_NES_NTSC_USA_eShop_WiiU-BCG.rar,3.88 MB,2020-01-31 21:01,WIIU Scene
Doubutsu_no_Mori_-_amiibo_Festival_JPN_Loadiine_WiiU-Duowan.rar,1.16 GB,2020-01-31 21:01,WIIU Scene
Dr_Kawashimas_Brain_Training_MULTi6_NDS_VC_WiiU-TRSI.rar,32.63 MB,2020-01-31 21:01,WIIU Scene
Dr_Luigi_USA_eShop_WiiU-BCG.rar,107.38 MB,2020-01-31 21:01,WIIU Scene
Dragon_Quest_X_Inishie_No_Ryu_No_Denshou_Online_JAP_WiiU-PUSSYCAT.rar,9.62 GB,2020-01-31 21:01,WIIU Scene
Dragon_Skills_WiiU-PACT.rar,284.51 MB,2020-01-31 21:01,WIIU Scene
Dreamals_WRLP5V_eShop_WiiU-BCG.rar,349.89 MB,2020-01-31 21:01,WIIU Scene
Drill_Dozer_GBA_eShop_PDEE01_USA_WiiU-BCG.rar,43.72 MB,2020-01-31 21:01,WIIU Scene
DuckTales_Remastered_USA_WiiU_FAKE.rar,1.77 GB,2020-01-31 21:01,WIIU Scene
Duck_Hunt_VC_NES_NTSC_USA_eShop_WiiU-BCG.rar,3.83 MB,2020-01-31 21:01,WIIU Scene
Duck_Tales_Remastered_WII_U_ISO_LOADIINE.rar,759.03 MB,2020-01-31 21:01,WIIU Scene
Dungeons_And_Dragons_Chronicles_Of_Mystara_MULTi5_eShop_WiiU-TRSI.rar,242.71 MB,2020-01-31 21:01,WIIU Scene
Dungeons_And_Dragons_Chronicles_Of_Mystara__WDDP08_.rar,423.81 MB,2020-01-31 21:01,WIIU Scene
Dungeons_and_Dragons_Chronicles_of_Mystara_eShop_WiiU-BCG.rar,235.25 MB,2020-01-31 21:01,WIIU Scene
EDGE_WEDPTW_eShop_WiiU-BCG.rar,108.73 MB,2020-01-31 21:01,WIIU Scene
ESPN_Sport_Connection_USA_WiiU-FAKE.rar,23.29 GB,2020-01-31 21:01,WIIU Scene
Earthbound_Beginnings_NES_VC_WiiU-LiNKLE.rar,16 MB,2020-01-31 21:01,WIIU Scene
Earthbound_Beginnings_REPACK_NES_VC_WiiU-LiNKLE.rar,11.99 MB,2020-01-31 21:01,WIIU Scene
Earthbound_REPACK_SNES_VC_WiiU-LiNKLE.rar,17.29 MB,2020-01-31 21:01,WIIU Scene
Earthbound_SNES_VC_WiiU-LiNKLE.rar,9.31 MB,2020-01-31 21:01,WIIU Scene
Ectoplaza_WiiU-PACT.rar,667.74 MB,2020-01-31 21:01,WIIU Scene
Electronic_Super_Joy_eShop_AEJPTJ_EUR_WiiU-BCG.rar,362.46 MB,2020-01-31 21:01,WIIU Scene
Elliot_Quest_BEQP1A_eShop_WiiU-BCG.rar,58.09 MB,2020-01-31 21:01,WIIU Scene
Epic_Mickey_2_The_Power_Of_Two_JPN_WiiU-FAKE.rar,7.92 GB,2020-01-31 21:01,WIIU Scene
EvoFish_eShop_WEVPDZ_EUR_WiiU-BCG.rar,240.12 MB,2020-01-31 21:01,WIIU Scene
Excitebike_VC_NES_NTSC_USA_eShop_WiiU-BCG.rar,3.80 MB,2020-01-31 21:01,WIIU Scene
F-Zero_SNES_VC_WiiU-TRSI.rar,15.63 MB,2020-01-31 21:01,WIIU Scene
F1_Race_Stars_Powered_Up_Edition_JAP_WiiU-PUSSYCAT.rar,3.37 GB,2020-01-31 21:01,WIIU Scene
F1_Race_Stars_Powered_Up_Edition_WII_U_ISO_LOADIINE.rar,3.26 GB,2020-01-31 21:01,WIIU Scene
FIFA_13_EUR_MULTi8_WiiU_ABSTRAKT__WUD_.rar,8.07 GB,2020-01-31 21:01,WIIU Scene
FIFA_Soccer_13_USA_WiiU_FAKE.rar,7.30 GB,2020-01-31 21:01,WIIU Scene
Famicom_Remix_1_Plus_2_JAP_WiiU-PUSSYCAT_-_cat-afdj.rar,1.12 GB,2020-01-31 21:01,WIIU Scene
Famicom_Remix_1_plus_2_JPN_WiiU-Duowan.rar,133.22 MB,2020-01-31 21:01,WIIU Scene
Family.Party.30.Great.Games.Obstacle.Arcade.USA.WiiU-FAKE.rar,2.61 GB,2020-01-31 21:01,WIIU Scene
Family_Party_30_Great_Games_Obstacle_Arcade_EUR_WiiU__WUPinstaller__EUR_-_USB_.rar,908.36 MB,2020-01-31 21:01,WIIU Scene
Family_Party_30_Great_Games_Obstacle_Arcade_MULTI_WiiU-LiGHTFORCE.rar,855.04 MB,2020-01-31 21:01,WIIU Scene
Family_Party_30_Great_Games_Obstacle_Arcade_MULTi5_COMPLETE_EUR_WiiU-LaKiTu.rar,970.96 MB,2020-01-31 21:01,WIIU Scene
Fast.Racing.Neo.EUR.COMPLETE.WiiU-FAKE.rar,1.95 GB,2020-01-31 21:01,WIIU Scene
Fast_And_Furious_Showdown_EUR_MULTi5_WiiU-ABSTRAKT.rar,1.90 GB,2020-01-31 21:01,WIIU Scene
Fast_And_Furious_Showdown_USA_WiiU-ABSTRAKT.rar,1.90 GB,2020-01-31 21:01,WIIU Scene
Fast_Racing_Neo_WiiU-LiGHTFORCE_-_lfc-frneo.rar,723.35 MB,2020-01-31 21:01,WIIU Scene
Final_Fantasy_IV_NDS__BKAPZ8_.rar,114.17 MB,2020-01-31 21:01,WIIU Scene
Final_Fantasy_Tactics_Advance_VC_GBA_NTSC_USA_eShop_WiiU-BCG.rar,44.66 MB,2020-01-31 21:01,WIIU Scene
Final_Fantasy_XII_Revenant_Wings_WII_U_ISO___40_LOADIINE__41_.rar,76.74 MB,2020-01-31 21:01,WIIU Scene
Final_Fight_2_VC_SNES_NTSC_USA_eShop_WiiU-BCG.rar,8.22 MB,2020-01-31 21:01,WIIU Scene
Final_Fight_3_VC_SNES_NTSC_USA_eShop_WiiU-BCG.rar,9.65 MB,2020-01-31 21:01,WIIU Scene
Final_Fight_One_VC_GBA_NTSC_USA_eShop_WiiU-BCG.rar,37.17 MB,2020-01-31 21:01,WIIU Scene
Final_Fight_VC_SNES_NTSC_USA_eShop_WiiU-BCG.rar,8.34 MB,2020-01-31 21:01,WIIU Scene
Fire_Emblem_Shadow_Dragon_WiiU-PACT.rar,50.62 MB,2020-01-31 21:01,WIIU Scene
Fit_Music_For_WiiU_EUR_MULTi5_COMPLETE_WiiU-PUSSYCAT.rar,11.37 GB,2020-01-31 21:01,WIIU Scene
Fit_Music_for_WiiU_MULTi5_SCRUBBED_EUR_WiiU-LaKiTu.rar,9.29 GB,2020-01-31 21:01,WIIU Scene
Floworworks_HD_Follies_Adventure_WFWENT_eShop_WiiU-BCG.rar,32.75 MB,2020-01-31 21:01,WIIU Scene
Flying_Dragon_The_Secret_Scroll_eShop_WiiU-HatchetGear.rar,12.01 MB,2020-01-31 21:01,WIIU Scene
Freedom_Planet_AFEP67_eShop_WiiU-BCG.rar,323.57 MB,2020-01-31 21:01,WIIU Scene
Freeze_Me_AF4P7T_eShop_WiiU-BCG.rar,336.25 MB,2020-01-31 21:01,WIIU Scene
Funky_Barn_AFBEGT_USA_WiiU-BCG.rar,252.07 MB,2020-01-31 21:01,WIIU Scene
Funky_Barn_EUR_WiiU-VENOM.rar,557.75 MB,2020-01-31 21:01,WIIU Scene
Funky_Barn_USA_WiiU-iCON.rar,557.82 MB,2020-01-31 21:01,WIIU Scene
Game.And.Wario.USA.WiiU-PoWeRUp.rar,23.62 GB,2020-01-31 21:01,WIIU Scene
Game_And_Wario_EUR_WiiU_Loadiine_READY2PLAY___.rar,3.24 GB,2020-01-31 21:01,WIIU Scene
Game_And_Wario_EUR_WiiU_WUPinstaller_EUR_-_USB.rar,3.31 GB,2020-01-31 21:01,WIIU Scene
Game_And_Wario_JAP_WiiU-PUSSYCAT.rar,4.22 GB,2020-01-31 21:01,WIIU Scene
Game_Party_Champions_EUR_WiiU-ABSTRAKT.rar,1.73 GB,2020-01-31 21:01,WIIU Scene
Game_and_Wario_MULTi5_COMPLETE_EUR_WiiU-LaKiTu.rar,4.45 GB,2020-01-31 21:01,WIIU Scene
Game_and_Wario_MULTi5_SCRUBBED_EUR_WiiU-LaKiTu.rar,3.01 GB,2020-01-31 21:01,WIIU Scene
Gear_Gauntlet_WiiU-PACT.rar,106.57 MB,2020-01-31 21:01,WIIU Scene
Genei_Ibun_Roku_FE_JPN_WiiU-Duowan.rar,12.77 GB,2020-01-31 21:01,WIIU Scene
Genei_Ibunroku_FE_JAP_WiiU-LaKiTu.rar,18.36 GB,2020-01-31 21:01,WIIU Scene
Genghis_Khan_II_VC_SNES_NTSC_USA_eShop_WiiU-BCG.rar,8.41 MB,2020-01-31 21:01,WIIU Scene
Ghost_Blade_HD_WiiU-PACT.rar,670.94 MB,2020-01-31 21:01,WIIU Scene
Ghosts_and_Goblins_VC_NES_NTSC_USA_eShop_WiiU-BCG.rar,3.67 MB,2020-01-31 21:01,WIIU Scene
Giana_Sisters_-_Twisted_Dreams_WGSECX_eShop_WiiU-BCG.rar,1.83 GB,2020-01-31 21:01,WIIU Scene
Giana_Sisters_Twisted_Dreams_Directors_Cut_MULTi6_USA_WiiU-LaKiTu.rar,16.08 GB,2020-01-31 21:01,WIIU Scene
Ginsei_Shogi_Kyoutendo_Toufuu_Raijin_JAP_WiiU-PUSSYCAT.rar,1.56 GB,2020-01-31 21:01,WIIU Scene
Golden_Sun_GBA_VC_WiiU-TRSI.rar,74.47 MB,2020-01-31 21:01,WIIU Scene
Golden_Sun_The_Lost_Age_GBA_VC_WiiU-TRSI.rar,78.08 MB,2020-01-31 21:01,WIIU Scene
Grand_Prix_Rock_N_Racing_WiiU-PACT.rar,162.06 MB,2020-01-31 21:01,WIIU Scene
Gravity_Badgers_eShop_WGVP9V_EUR_WiiU-BCG.rar,109.56 MB,2020-01-31 21:01,WIIU Scene
Grumpy_Reaper_AGQPUP_eShop_WiiU-BCG.rar,136.12 MB,2020-01-31 21:01,WIIU Scene
Guacamelee_Super_Turbo_Championship_Edition_USA_EUR_loadiine_gx2_ready_eShop_WiiU-BCG.rar,743.09 MB,2020-01-31 21:01,WIIU Scene
Guitar_Hero_Live_AGNE52_USA_WiiU-BCG.rar,16.50 GB,2020-01-31 21:01,WIIU Scene
Guitar_Hero_Live_MULTi5_COMPLETE_EUR_WiiU-LaKiTu.rar,23.65 GB,2020-01-31 21:01,WIIU Scene
Guitar_Hero_Live_MULTi5_SCRUBBED_EUR_WiiU-LaKiTu.rar,16.31 GB,2020-01-31 21:01,WIIU Scene
Hello_Kitty_Kruisers_MULTi5_COMPLETE_EUR_WiiU-LaKiTu.rar,2.08 GB,2020-01-31 21:01,WIIU Scene
Hello_Kitty_Kruisers_MULTi5_SCRUBBED_EUR_WiiU-LaKiTu.rar,287.80 MB,2020-01-31 21:01,WIIU Scene
Hello_Kitty_Kruisers_USA_WiiU-VENOM.rar,1.81 GB,2020-01-31 21:01,WIIU Scene
Hogans_Alley_WiiU-PACT.rar,7.20 MB,2020-01-31 21:01,WIIU Scene
Hot_Rod_Racer_eShop_WiiU-TRSI.rar,39.36 MB,2020-01-31 21:01,WIIU Scene
Hot_Wheels_Worlds_Best_Driver_MULTi7_COMPLETE_EUR_WiiU-LaKiTu.rar,4.36 GB,2020-01-31 21:01,WIIU Scene
Hot_Wheels_Worlds_Best_Driver_MULTi7_SCRUBBED_EUR_WiiU-LaKiTu.rar,3.20 GB,2020-01-31 21:01,WIIU Scene
Hot_Wheels_Worlds_Best_Driver_USA_WiiU-VENOM.rar,4.35 GB,2020-01-31 21:01,WIIU Scene
How_To_Train_Your_Dragon_2_EUR_MULTI6_WiiU_READY2PLAY.rar,470.67 MB,2020-01-31 21:01,WIIU Scene
How_To_Train_Your_Dragon_2_EUR_WiiU-ABSTRAKT.rar,1.52 GB,2020-01-31 21:01,WIIU Scene
How_to_Survive_WIIU_ISO_USA_LOADIINE.rar,1.58 GB,2020-01-31 21:01,WIIU Scene
How_to_Train_Your_Dragon_2_ATDEVZ_EUR_WiiU-BCG.rar,470.71 MB,2020-01-31 21:01,WIIU Scene
How_to_Train_Your_Dragon_2_EUR_WiiU_USB.rar,504.79 MB,2020-01-31 21:01,WIIU Scene
Human_Resource_Machine_AHMPEX_eShop_WiiU-BCG.rar,69.54 MB,2020-01-31 21:01,WIIU Scene
Hunters_Trophy_2_Europa_EUR_WiiU-VENOM.rar,2.70 GB,2020-01-31 21:01,WIIU Scene
Hyrule_Warriors_EUR_WiiU-ABSTRAKT.tar,7.85 GB,2020-01-31 21:01,WIIU Scene
Hyrule_Warriors_USA_WiiU-RETRiBUTiON.rar,10.44 GB,2020-01-31 21:01,WIIU Scene
Hyrule_Warriors_USA_WiiU-RETRiBUTiON.tar,10.15 GB,2020-01-31 21:01,WIIU Scene
Hyrule_Warriors_v01_EUR_MULTi5_WiiU-PUSSYCAT.rar,8.40 GB,2020-01-31 21:01,WIIU Scene
IQ_Test_WiiU-iCON.rar,22.81 MB,2020-01-31 21:01,WIIU Scene
Infinity_Runner_BRNP9V_eShop_WiiU-BCG.rar,743.62 MB,2020-01-31 21:01,WIIU Scene
Injustice_Gods_Among_Us_EUR_WiiU-VENOM.rar,8.70 GB,2020-01-31 21:01,WIIU Scene
Injustice_Gods_Among_Us_USA_MULTi4_WiiU-PUSSYCAT.rar,8.75 GB,2020-01-31 21:01,WIIU Scene
Inside_My_Radio_ARQP8D_eShop_WiiU-BCG.rar,707.84 MB,2020-01-31 21:01,WIIU Scene
Ittle_Dew_WDWP8R_eShop_WiiU-BCG.rar,217.62 MB,2020-01-31 21:01,WIIU Scene
Jeopardy_AJPE78_USA_WiiU-BCG.rar,1.59 GB,2020-01-31 21:01,WIIU Scene
Jeopardy_WiiU-VENOM.rar,1.57 GB,2020-01-31 21:01,WIIU Scene
Jett_Tailfin_AJTPXT_eShop_WiiU-BCG.rar,1.45 GB,2020-01-31 21:01,WIIU Scene
Jett_Tailfin_EUR_MULTi5_COMPLETE_WiiU-PUSSYCAT.rar,3.03 GB,2020-01-31 21:01,WIIU Scene
Jett_Tailfin_MULTi5_DiRFiX...LaKiTu.rar,3.33 KB,2020-01-31 21:01,WIIU Scene
Jett_Tailfin_MULTi5_WiiU-LaKiTu.rar,1.44 GB,2020-01-31 21:01,WIIU Scene
Jotun_Valhalla_Edition_WiiU-PACT.rar,724.61 MB,2020-01-31 21:01,WIIU Scene
Just.Dance.Kids.2014.EUR.MULTi5.WiiU-ABSTRAKT.rar,6.54 GB,2020-01-31 21:01,WIIU Scene
Just_Dance_2014_MULTi6_COMPLETE_EUR_WiiU-LaKiTu.rar,13.78 GB,2020-01-31 21:01,WIIU Scene
Just_Dance_2014_MULTi6_SCRUBBED_EUR_WiiU-LaKiTu.rar,12.02 GB,2020-01-31 21:01,WIIU Scene
Just_Dance_2014_USA_WiiU-ABSTRAKT.rar,13.88 GB,2020-01-31 21:01,WIIU Scene
Just_Dance_2015_EUR_WiiU-ABSTRAKT.rar,11.18 GB,2020-01-31 21:01,WIIU Scene
Just_Dance_2015_USA_WiiU-RETRiBUTiON.rar,11.04 GB,2020-01-31 21:01,WIIU Scene
Just_Dance_2016_EUR_WiiU-VENOM.rar,16.36 GB,2020-01-31 21:01,WIIU Scene
Just_Dance_2016_USA_MULTi3_WiiU-PUSSYCAT.rar,16.28 GB,2020-01-31 21:01,WIIU Scene
Just_Dance_2017_EUR_MULTi6_COMPLETE_WiiU-PUSSYCAT.rar,14.31 GB,2020-01-31 21:01,WIIU Scene
Just_Dance_2017_USA_MULTi3_WiiU-PUSSYCAT.rar,16.10 GB,2020-01-31 21:01,WIIU Scene
Just_Dance_2017_WiiU-WiiERD.rar,12.70 GB,2020-01-31 21:01,WIIU Scene
Just_Dance_2018_EUR_MULTi6_WiiU-PUSSYCAT.rar,15.71 GB,2020-01-31 21:01,WIIU Scene
Just_Dance_2018_USA_WiiU-SUXXORS.rar,15.63 GB,2020-01-31 21:01,WIIU Scene
Just_Dance_4_EUR_MULTi6_COMPLETE_WiiU-PUSSYCAT.rar,15.23 GB,2020-01-31 21:01,WIIU Scene
Just_Dance_4_MULTi6_SCRUBBED_EUR_WiiU-LaKiTu.rar,14.74 GB,2020-01-31 21:01,WIIU Scene
Just_Dance_4_USA_WiiU-VENOM.rar,23.45 GB,2020-01-31 21:01,WIIU Scene
Just_Dance_4_USA_WiiU-VENOM_WUD.rar,14.81 GB,2020-01-31 21:01,WIIU Scene
Just_Dance_Disney_Party_2_EUR_WiiU-ABSTRAKT.rar,6.68 GB,2020-01-31 21:01,WIIU Scene
Just_Dance_Disney_Party_2_USA_MULTi5_WiiU-PUSSYCAT.rar,6.60 GB,2020-01-31 21:01,WIIU Scene
Just_Dance_Kids_2014_USA_WiiU-VENOM.rar,6.70 GB,2020-01-31 21:01,WIIU Scene
Kamen_Rider_Battride_War_II_JAP_WiiU-PUSSYCAT.rar,4.30 GB,2020-01-31 21:01,WIIU Scene
Kamen_Rider_Battride_War_II_Premium_TV_And_Movie_Sound_Edition_JAP_WiiU-PUSSYCAT.rar,4.56 GB,2020-01-31 21:01,WIIU Scene
Kamen_Rider_SummonRide_JAP_WiiU-PUSSYCAT.rar,2.99 GB,2020-01-31 21:01,WIIU Scene
Kid_Icarus_VC_NES_NTSC_USA_eShop_WiiU-BCG.rar,3.69 MB,2020-01-31 21:01,WIIU Scene
Kirby_And_The_Rainbow_Curse_JAP_WiiU-PUSSYCAT.rar,4.06 GB,2020-01-31 21:01,WIIU Scene
Kirby_and_the_Rainbow_Curse_EUR_MULTi5_WiiU-ABSTRAKT.rar,4.21 GB,2020-01-31 21:01,WIIU Scene
Kirby_and_the_Rainbow_Curse_USA_WiiU-RETRiBUTiON.tar,8.68 GB,2020-01-31 21:01,WIIU Scene
Knytt_Underground_WBCPCY_eShop_WiiU-BCG.rar,513.78 MB,2020-01-31 21:01,WIIU Scene
Kung_Fu_Panda_Showdown_Of_Legendary_Legends_USA_MULTi4_WiiU-PUSSYCAT.rar,2.67 GB,2020-01-31 21:01,WIIU Scene
Kung_Fu_Panda_Showdown_of_Legendary_Legends_EUR_WiiU-VENOM.rar,2.75 GB,2020-01-31 21:01,WIIU Scene
Kung_Fu_Rabbit_WKFPNK_eSho...iU-BCG.rar,59.99 MB,2020-01-31 21:01,WIIU Scene
LEGO_Batman_2_DC_Super_Heroes_EUR_MULTi7_WiiU-PUSSYCAT.rar,4.57 GB,2020-01-31 21:01,WIIU Scene
LEGO_Batman_2_DC_Super_Heroes_USA_WiiU-ABSTRAKT.rar,4.57 GB,2020-01-31 21:01,WIIU Scene
LEGO_Batman_3_Beyond_Gotham_EUR_MULTi7_COMPLETE_WiiU-PUSSYCAT.rar,8.29 GB,2020-01-31 21:01,WIIU Scene
LEGO_City_Undercover_MULTi9_COMPLETE_EUR_WiiU-LaKiTu.rar,20.40 GB,2020-01-31 21:01,WIIU Scene
LEGO_City_Undercover_MULTi9_SCRUBBED_EUR_WiiU-LaKiTu.rar,16.63 GB,2020-01-31 21:01,WIIU Scene
LEGO_City_Undercover_USA_MULTi3_COMPLETE_WiiU-PUSSYCAT.rar,19.90 GB,2020-01-31 21:01,WIIU Scene
LEGO_City_Undercover_WiiU-VENOM.rar,17.14 GB,2020-01-31 21:01,WIIU Scene
LEGO_City_Undercover_v01_EUR_MULTi9_WiiU-PUSSYCAT.rar,19.92 GB,2020-01-31 21:01,WIIU Scene
LEGO_Dimensions_MULTi5_COMPETE_EUR_WiiU-LaKiTu.rar,23.65 GB,2020-01-31 21:01,WIIU Scene
LEGO_Dimensions_MULTi5_SCRUBBED_EUR_WiiU-LaKiTu.rar,8.95 GB,2020-01-31 21:01,WIIU Scene
LEGO_Jurassic_World_EUR_WiiU-VENOM.rar,8.07 GB,2020-01-31 21:01,WIIU Scene
LEGO_Jurassic_World_USA_MULTi4_WiiU-PUSSYCAT.rar,8.16 GB,2020-01-31 21:01,WIIU Scene
LEGO_Marvel_Avengers_EUR_WiiU-VENOM.rar,8.23 GB,2020-01-31 21:01,WIIU Scene
LEGO_Marvel_Avengers_JAP_WiiU-PUSSYCAT.rar,8.37 GB,2020-01-31 21:01,WIIU Scene
LEGO_Marvel_Avengers_WiiU-PACT.rar,6.76 GB,2020-01-31 21:01,WIIU Scene
LEGO_Marvel_Super_Heroes_EUR_MULTi6_WiiU-ABSTRAKT.rar,6.82 GB,2020-01-31 21:01,WIIU Scene
LEGO_Marvel_Super_Heroes_USA_REPACK_WiiU-VENOM.tar,23.24 GB,2020-01-31 21:01,WIIU Scene
LEGO_Marvel_Super_Heroes_USA_WiiU-VENOM.rar,21.48 GB,2020-01-31 21:01,WIIU Scene
LEGO_Star_Wars_The_Force_Awakens_JAP_WiiU-PUSSYCAT.rar,5.93 GB,2020-01-31 21:01,WIIU Scene
LEGO_Star_Wars_The_Force_Awakens_USA_MULTi4_COMPLETE_WiiU-PUSSYCAT.rar,6.12 GB,2020-01-31 21:01,WIIU Scene
LEGO_Star_Wars_The_Force_Awakens_WiiU-VENOM.rar,4.76 GB,2020-01-31 21:01,WIIU Scene
LEGO_Star_Wars_The_Force_Awakens_WiiU-iND.rar,4.87 GB,2020-01-31 21:01,WIIU Scene
LEGO_The_Hobbit_EUR_MULTi6_WiiU-ABSTRAKT.rar,8.30 GB,2020-01-31 21:01,WIIU Scene
LEGO_The_Hobbit_USA_WiiU-VENOM.rar,8.26 GB,2020-01-31 21:01,WIIU Scene
Legend_Of_Kay_Anniversary_USA_MULTi5_WiiU-PUSSYCAT.rar,4.58 GB,2020-01-31 21:01,WIIU Scene
Legend_of_Kay_Anniversary_EUR_WiiU-VENOM.rar,6.83 GB,2020-01-31 21:01,WIIU Scene
Lego_Batman_3_Beyond_Gotham_MULTI_WiiU-LiGHTFORCE.rar,5.05 GB,2020-01-31 21:01,WIIU Scene
Lego_Batman_3_Beyond_Gotham_USA_WiiU-RETRiBUTiON.rar,8.25 GB,2020-01-31 21:01,WIIU Scene
Lego_Star_Wars_The_Force_Awakens_MULTI_WiiU-LiGHTFORCE.rar,4.82 GB,2020-01-31 21:01,WIIU Scene
Lego_Star_Wars_The_Force_Awakens_MULTi7_COMPLETE_WiiU-LaKiTu.rar,6.30 GB,2020-01-31 21:01,WIIU Scene
Life_Of_Pixel_BLPPLY_eShop_WiiU-BCG.rar,163.42 MB,2020-01-31 21:01,WIIU Scene
Lone_Survivor_Directors_Cut_BSWPUB_eShop_WiiU-BCG.rar,107.36 MB,2020-01-31 21:01,WIIU Scene
Lone_Survivor_The_Directors_Cut_MULTi3_eShop_WiiU-LiNKLE.rar,103.42 MB,2020-01-31 21:01,WIIU Scene
Lone_Survivor_The_Directors_Cut_REPACK_MULTi3_eShop_WiiU-LiNKLE.rar,107.34 MB,2020-01-31 21:01,WIIU Scene
Lost_Reavers_eShop_APHEAF_EUR_WiiU-BCG.rar,1.31 GB,2020-01-31 21:01,WIIU Scene
Luv_Me_Buddies_Wonderland_MULTi5_COMPLETE_WiiU-LaKiTu.rar,23.65 GB,2020-01-31 21:01,WIIU Scene
Luv_Me_Buddies_Wonderland_MULTi5_DiRFiX_SCRUBBED_EUR_WiiU-LaKiTu.rar,3.38 KB,2020-01-31 21:01,WIIU Scene
Luv_Me_Buddies_Wonderland_MULTi5_WiiU-LaKiTu.rar,51.03 MB,2020-01-31 21:01,WIIU Scene
Madden_NFL_13_USA_WiiU-RETRiBUTiON.rar,4.73 GB,2020-01-31 21:01,WIIU Scene
Mario.Kart.8.USA.WiiU-FAKE.rar,5.02 GB,2020-01-31 21:01,WIIU Scene
Mario.and.Sonic.at.the.Sochi.2014.Olympic.Winter.Games.USA.WiiU-FAKE.rar,9.25 GB,2020-01-31 21:01,WIIU Scene
Mario_And_Sonic_At_The_Rio_2016_Olympic_Games_EUR_MULTi6_COMPLETE_WiiU-PUSSYCAT.rar,6.14 GB,2020-01-31 21:01,WIIU Scene
Mario_And_Sonic_At_The_Rio_2016_Olympic_Games_EUR_WiiU__USB_.rar,2.81 GB,2020-01-31 21:01,WIIU Scene
Mario_And_Sonic_At_The_Sochi_2014_Olympic_Winter_Games_JAP_WiiU-PUSSYCAT.rar,9.21 GB,2020-01-31 21:01,WIIU Scene
Mario_Bros_VC_NES_NTSC_USA_eShop_WiiU-BCG.rar,3.65 MB,2020-01-31 21:01,WIIU Scene
Mario_Kart_64_N64_VC_WiiU-TRSI.rar,20.71 MB,2020-01-31 21:01,WIIU Scene
Mario_Kart_64_NALE01_eShop_WiiU-BCG.rar,20.70 MB,2020-01-31 21:01,WIIU Scene
Mario_Kart_8_EUR_WiiU-ABSTRAKT.rar,9.89 GB,2020-01-31 21:01,WIIU Scene
Mario_Kart_8__AMKE01_.rar,4.02 GB,2020-01-31 21:01,WIIU Scene
Mario_Kart_DS_VC_NDS_NTSC_USA_eShop_WiiU-BCG.rar,26.69 MB,2020-01-31 21:01,WIIU Scene
Mario_Kart_Super_Circuit_eShop_GBA_PBDP01_EUR_WiiU-BCG.rar,46.66 MB,2020-01-31 21:01,WIIU Scene
Mario_Party_10_EUR_MULTi8_WiiU-ABSTRAKT.rar,3.90 GB,2020-01-31 21:01,WIIU Scene
Mario_Party_10_USA_WiiU-RETRiBUTiON.rar,6.17 GB,2020-01-31 21:01,WIIU Scene
Mario_Party_2_WiiU-iCON.rar,36.28 MB,2020-01-31 21:01,WIIU Scene
Mario_Tennis_Ultra_Smash_EUR_WiiU-VENOM.rar,2.14 GB,2020-01-31 21:01,WIIU Scene
Mario_Tennis_Ultra_Smash_EUR_WiiU_WUPinstaller_EUR_-_USB.rar,847.32 MB,2020-01-31 21:01,WIIU Scene
Mario_Tennis_Ultra_Smash_USA_MULTi3_COMPLETE_WiiU-PUSSYCAT.rar,2 GB,2020-01-31 21:01,WIIU Scene
Mario_Tennis_Ultra_Smash___40_USA__41__WIIU-_WHEELMAN.rar,800.67 MB,2020-01-31 21:01,WIIU Scene
Mario_Tennis_eShop_N64_NAFE01_WiiU-BCG.rar,26.03 MB,2020-01-31 21:01,WIIU Scene
Mario_VS_Donkey_WAFJ01_eShop_JPN_WiiU-BCG.rar,428.48 MB,2020-01-31 21:01,WIIU Scene
Mario_and_Sonic_at_the_Rio_2016_Olympic_Games__ABJP01_.rar,2.74 GB,2020-01-31 21:01,WIIU Scene
Mario_vs_Donkey_Kong_Tipping_Stars_WAFE01_eShop_WiiU-BCG.rar,379.45 MB,2020-01-31 21:01,WIIU Scene
Marvel_Avengers_Battle_for_Earth_REPACK_EUR_WiiU-VENOM.rar,3.39 GB,2020-01-31 21:01,WIIU Scene
Marvel_Avengers_Battle_for_Earth_USA_WiiU-ABSTRAKT.rar,3.39 GB,2020-01-31 21:01,WIIU Scene
Mass_Effect_3_EUR_WiiU-VENOM.rar,19.94 GB,2020-01-31 21:01,WIIU Scene
Mass_Effect_3_Special_Edition_USA_WiiU-PACT.rar,16.47 GB,2020-01-31 21:01,WIIU Scene
Master_Reboot_WMRP9V_eShop_WiiU-BCG.rar,1.23 GB,2020-01-31 21:01,WIIU Scene
Mega_Man_2_VC_NES_NTSC_USA_eShop_WiiU-BCG.rar,3.78 MB,2020-01-31 21:01,WIIU Scene
Mega_Man_3_VC_NES_NTSC_USA_eShop_WiiU-BCG.rar,3.87 MB,2020-01-31 21:01,WIIU Scene
Mega_Man_4_VC_NES_NTSC_USA_eShop_WiiU-BCG.rar,3.92 MB,2020-01-31 21:01,WIIU Scene
Mega_Man_5_VC_NES_NTSC_USA_eShop_WiiU-BCG.rar,3.90 MB,2020-01-31 21:01,WIIU Scene
Mega_Man_6_VC_NES_NTSC_USA_eShop_WiiU-BCG.rar,3.89 MB,2020-01-31 21:01,WIIU Scene
Mega_Man_7_VC_SNES_NTSC_USA_eShop_WiiU-BCG.rar,8.92 MB,2020-01-31 21:01,WIIU Scene
Mega_Man_VC_NES_NTSC_USA_eShop_WiiU-BCG.rar,3.71 MB,2020-01-31 21:01,WIIU Scene
Mega_Man_X2_VC_SNES_NTSC_USA_eShop_WiiU-BCG.rar,8.65 MB,2020-01-31 21:01,WIIU Scene
Mega_Man_X3_VC_SNES_NTSC_USA_eShop_WiiU-BCG.rar,8.81 MB,2020-01-31 21:01,WIIU Scene
Mega_Man_X_VC_SNES_NTSC_USA_eShop_WiiU-BCG.rar,8.52 MB,2020-01-31 21:01,WIIU Scene
Mega_Man_Zero_2_VC_GBA_NTSC_USA_eShop_WiiU-BCG.rar,39.34 MB,2020-01-31 21:01,WIIU Scene
Mega_Man_Zero_3_VC_GBA_NTSC_USA_eShop_WiiU-BCG.rar,46.11 MB,2020-01-31 21:01,WIIU Scene
Mega_Man_Zero_4_VC_GBA_NTSC_USA_eShop_WiiU-BCG.rar,45.97 MB,2020-01-31 21:01,WIIU Scene
Mega_Man_Zero_VC_GBA_NTSC_USA_eShop_WiiU-BCG.rar,38.20 MB,2020-01-31 21:01,WIIU Scene
Mega_Man_and_Bass_VC_GBA_NTSC_USA_eShop_WiiU-BCG.rar,40.70 MB,2020-01-31 21:01,WIIU Scene
Meme_Run_eShop_BFBE1Y_USA_WiiU-BCG.rar,26.92 MB,2020-01-31 21:01,WIIU Scene
Metroid_VC_NES_NTSC_USA_eShop_WiiU-BCG.rar,3.68 MB,2020-01-31 21:01,WIIU Scene
Midnight_2_AEYE3T_eShop_WiiU-BCG.rar,34.96 MB,2020-01-31 21:01,WIIU Scene
Mighty_No_9_EUR_MULTi8_COMPLETE_WiiU-PUSSYCAT.rar,4.11 GB,2020-01-31 21:01,WIIU Scene
Mighty_No_9_USA_MULTi8_WiiU-PUSSYCAT.rar,4.02 GB,2020-01-31 21:01,WIIU Scene
Mighty_No_9_WiiU-VENOM.rar,2.77 GB,2020-01-31 21:01,WIIU Scene
Minecraft_Story_Mode_The_Complete_Adventure_EUR_WiiU-LaKiTu.rar,6.18 GB,2020-01-31 21:01,WIIU Scene
Minecraft_Story_Mode_The_Complete_Adventure_REPACK_EUR_WiiU-LaKiTu.rar,23.65 GB,2020-01-31 21:01,WIIU Scene
Minecraft_Story_Mode_The_Complete_Adventure_USA_WiiU-VENOM.rar,6.09 GB,2020-01-31 21:01,WIIU Scene
Minecraft_Super_Mario_Edition_AUMED2_WiiU-BCG.rar,518.59 MB,2020-01-31 21:01,WIIU Scene
Minecraft_Wii_U_Edition_EUR_MULTi8_WiiU-PUSSYCAT.rar,2.05 GB,2020-01-31 21:01,WIIU Scene
Minecraft_Wii_U_Edition_EUR_WiiU__USB_.rar,591.39 MB,2020-01-31 21:01,WIIU Scene
Minecraft_Wii_U_Edition_WiiU-PACT.rar,465.14 MB,2020-01-31 21:01,WIIU Scene
Mini_Mario_and_Friends_amiibo_Challenge_AP5P01_eShop_WiiU-BCG.rar,278.48 MB,2020-01-31 21:01,WIIU Scene
Monkey_Pirate_WMPPAW_eShop_WiiU-BCG.rar,88.35 MB,2020-01-31 21:01,WIIU Scene
Monster_High_13_Whishes_EUR_WiiU-VENOM.rar,4.82 GB,2020-01-31 21:01,WIIU Scene
Monster_High_New_Ghoul_In_School_USA_MULTi4_WiiU-PUSSYCAT.rar,2.52 GB,2020-01-31 21:01,WIIU Scene
Monster_High_New_Ghoul_in_School_EUR_WiiU-VENOM.rar,5.11 GB,2020-01-31 21:01,WIIU Scene
Monster_Hunter_3_Ultimate_EUR_MULTi5_WiiU-ABSTRAKT.rar,5.85 GB,2020-01-31 21:01,WIIU Scene
Monster_Hunter_3_Ultimate_USA_WiiU-VENOM.tar,23.01 GB,2020-01-31 21:01,WIIU Scene
Monster_Hunter_Frontier_G5_JAP_WiiU-PUSSYCAT.rar,3.10 GB,2020-01-31 21:01,WIIU Scene
Monster_Hunter_Frontier_G6_JAP_WiiU-PUSSYCAT.rar,3.11 GB,2020-01-31 21:01,WIIU Scene
Monster_Hunter_Frontier_GG_JAP_WiiU-PUSSYCAT.rar,3.10 GB,2020-01-31 21:01,WIIU Scene
Monster_Hunter_Frontier_G_Memorial_Package_JAP_WiiU-LaKiTu.rar,3.10 GB,2020-01-31 21:01,WIIU Scene
Musou_Orochi_2_Hyper_JAP_WiiU-PUSSYCAT.rar,15.37 GB,2020-01-31 21:01,WIIU Scene
Mutant_Mudds_Super_Challenge_eShop_AMUEX9_USA_WiiU-BCG.rar,12.84 MB,2020-01-31 21:01,WIIU Scene
Mutant_Mudds_eShop_WMMEX9_USA_WiiU-BCG.rar,16.58 MB,2020-01-31 21:01,WIIU Scene
My_First_Songs_WiiU-PACT.rar,578 MB,2020-01-31 21:01,WIIU Scene
My_First_Songs_WiiU-iND.rar,580.36 MB,2020-01-31 21:01,WIIU Scene
NBA_2K13_EUR_MULTi5_WiiU-PUSSYCAT.rar,19.83 GB,2020-01-31 21:01,WIIU Scene
NBA_2K13_WiiU-WiiERD.rar,18.24 GB,2020-01-31 21:01,WIIU Scene
NES.Remix.Pack.USA.WiiU-PoWeRUp.tar,1.16 GB,2020-01-31 21:01,WIIU Scene
NES_Remix_2_WF2E01_eShop_WiiU-BCG.rar,85.12 MB,2020-01-31 21:01,WIIU Scene
NES_Remix_WMGE01_eShop_WiiU-BCG.rar,71 MB,2020-01-31 21:01,WIIU Scene
Namco_Museum_VC_GBA_NTSC_USA_eShop_WiiU-BCG.rar,36.72 MB,2020-01-31 21:01,WIIU Scene
Need.For.Speed.Most.Wanted.U.USA.WiiU-PoWeRUp.rar,5.99 GB,2020-01-31 21:01,WIIU Scene
Need.For.Speed.Most.Wanted.U.USA.WiiU-PoWeRUp.tar,5.99 GB,2020-01-31 21:01,WIIU Scene
Need_for_Speed_Most_Wanted_U_EUR_MULTi5_WiiU-ABSTRAKT.rar,6.17 GB,2020-01-31 21:01,WIIU Scene
Need_for_Speed_Most_Wanted_U_EUR_WiiU__USB_.rar,5.99 GB,2020-01-31 21:01,WIIU Scene
Need_for_Speed_Most_Wanted_U_WiiU_ISO_EUR_LOADIINE.rar,6.02 GB,2020-01-31 21:01,WIIU Scene
Never_Alone_eShop_BNAP73_READNFO_EUR_WiiU-BCG.rar,975.64 MB,2020-01-31 21:01,WIIU Scene
New.Super.Luigi.U.USA.WiiU-FAKE.rar,2.40 GB,2020-01-31 21:01,WIIU Scene
New.Super.Luigi.U.USA.WiiU-FAKE.tar,1.64 GB,2020-01-31 21:01,WIIU Scene
New.Super.Mario.Bros.U.USA.WiiU-FAKE.rar,23.63 GB,2020-01-31 21:01,WIIU Scene
New.Super.Mario.Bros.U.USA.WiiU-FAKE.tar,23.29 GB,2020-01-31 21:01,WIIU Scene
New_Adventure_Island_TurboGrafx_VC_WiiU-TRSI.rar,42.13 MB,2020-01-31 21:01,WIIU Scene
New_Adventure_Island_eShop_WiiU-HatchetGear.rar,133.60 MB,2020-01-31 21:01,WIIU Scene
New_Super_Luigi_U_ARSE01_USA_WiiU-BCG.rar,1.09 GB,2020-01-31 21:01,WIIU Scene
New_Super_Mario_Bros_NDS__A2DE77_.rar,30.40 MB,2020-01-31 21:01,WIIU Scene
New_Super_Mario_Bros_U_And_New_Super_Luigi_U_MULTi8_COMPLETE_EUR_WiiU-FAKE.rar,14.78 GB,2020-01-31 21:01,WIIU Scene
New_Super_Mario_Bros_U_EUR_WiiU-ABSTRAKT.rar,1.75 GB,2020-01-31 21:01,WIIU Scene
New_Super_Mario_Bros_U_ISO_USA___EUR_LOADIINE_USB.rar,1.63 GB,2020-01-31 21:01,WIIU Scene
New_Super_Mario_Bros_U_JAP_WiiU-FREE.rar,1.68 GB,2020-01-31 21:01,WIIU Scene
New_Super_Mario_Bros_U_and_New_Super_Luigi_U_MULTi8_SCRUBBED_EUR_WiiU-LaKiTu.rar,12.97 GB,2020-01-31 21:01,WIIU Scene
New_Super_Mario_Bros_VC_NDS_NTSC_USA_eShop_WiiU-BCG.rar,21.70 MB,2020-01-31 21:01,WIIU Scene
Nihilumbra_WHLP9W_eShop_WiiU-BCG.rar,510.16 MB,2020-01-31 21:01,WIIU Scene
Ninja.Gaiden.3.Razors.Edge.EUR.WiiU-FAKE_-_fk-ng3.rar,5.31 GB,2020-01-31 21:01,WIIU Scene
Ninja_Gaiden_3_Razors_Edge_ANGP01_EUR_WiiU-BCG.rar,5.01 GB,2020-01-31 21:01,WIIU Scene
Ninja_Gaiden_3_Razors_Edge_JAP_WiiU-PUSSYCAT.rar,5.47 GB,2020-01-31 21:01,WIIU Scene
Ninja_Gaiden_3_Razors_Edge_JPN_ANGJC8_WiiU-BCG.rar,5.61 GB,2020-01-31 21:01,WIIU Scene
Ninja_Gaiden_3_Razors_Edge_MULTi5_WiiU-LiNKLE.rar,5 GB,2020-01-31 21:01,WIIU Scene
Ninja_Gaiden_3_Razors_Edge_USA_WiiU-BCG.rar,4.99 GB,2020-01-31 21:01,WIIU Scene
Ninja_Gaiden_III_VC_NES_NTSC_USA_eShop_WiiU-BCG.rar,3.87 MB,2020-01-31 21:01,WIIU Scene
Ninja_Gaiden_II_VC_NES_NTSC_USA_eShop_WiiU-BCG.rar,3.87 MB,2020-01-31 21:01,WIIU Scene
Ninja_Gaiden_VC_NES_NTSC_USA_eShop_WiiU-BCG.rar,3.75 MB,2020-01-31 21:01,WIIU Scene
Ninja_Pizza_Girl_WiiU-PACT.rar,737.81 MB,2020-01-31 21:01,WIIU Scene
Nintendo_Land_EUR_WiiU-ABSTRAKT_-_abs-nl.rar,2.97 GB,2020-01-31 21:01,WIIU Scene
Nintendo_Land_JAP_WiiU-PUSSYCAT_-_cat-alcj.rar,2.78 GB,2020-01-31 21:01,WIIU Scene
Nintendo_Wii_U_Cafe_SDK_v2.09.22-GBATEMP.rar,1.56 GB,2020-01-31 21:01,WIIU Scene
Octodad_Dadliest_Catch_eShop_AD5E6E_USA_WiiU-BCG.rar,717.99 MB,2020-01-31 21:01,WIIU Scene
Oddworld_New_n_Tasty_ANWP85_eShop_WiiU-BCG.rar,2.51 GB,2020-01-31 21:01,WIIU Scene
OlliOlli_MULTi5_eShop_WiiU-LiNKLE.rar,94.62 MB,2020-01-31 21:01,WIIU Scene
OlliOlli_REPACK_MULTi5_eShop_WiiU-LiNKLE.rar,99.12 MB,2020-01-31 21:01,WIIU Scene
Olympia_Rising_AR7P1A_eShop_WiiU-BCG.rar,77.57 MB,2020-01-31 21:01,WIIU Scene
One.Piece.Unlimited.World.Red.EUR.WiiU-BigBlueBox.rar,12.08 GB,2020-01-31 21:01,WIIU Scene
Outcast_Second_Contact_EUR_PS4-TCD.rar,7.34 GB,2020-01-31 21:01,WIIU Scene
Pac-Man.and.the.Ghostly.Adventures.USA.WiiU-PoWeRuP.rar,4.51 GB,2020-01-31 21:01,WIIU Scene
Pac-Man_And_The_Ghostly_Adventures_2_USA_MULTi4_WiiU-PUSSYCAT.rar,5.04 GB,2020-01-31 21:01,WIIU Scene
PacMan_and_the_Ghostly_Adventures_2_EUR_WiiU-VENOM.rar,4.95 GB,2020-01-31 21:01,WIIU Scene
PacMan_and_the_Ghostly_Adventures_2_EUR_WiiU-VENOM2.rar,4.93 GB,2020-01-31 21:01,WIIU Scene
PacMan_and_the_Ghostly_Adventures_EUR_MULTi5_WiiU-ABSTRAKT.rar,4.54 GB,2020-01-31 21:01,WIIU Scene
Pac_Land_VC_NES_NTSC_USA_eShop_WiiU-BCG.rar,3.64 MB,2020-01-31 21:01,WIIU Scene
Pac_Man_VC_NES_NTSC_USA_eShop_WiiU-BCG.rar,3.91 MB,2020-01-31 21:01,WIIU Scene
Paper_Mario_Color_Splash_MULTi8_COMPLETE_EUR_WiiU-LaKiTu.rar,9.33 GB,2020-01-31 21:01,WIIU Scene
Paper_Mario_Color_Splash_USA_WiiU-P2P.rar,6.34 GB,2020-01-31 21:01,WIIU Scene
Paper_Mario_Color_Splash_USA_WiiU-SUXXORS.rar,9.04 GB,2020-01-31 21:01,WIIU Scene
Paper_Mario_Color_Splash_WiiU-WiiERD.rar,6.87 GB,2020-01-31 21:01,WIIU Scene
Paper_Mario_MULTi4_N64_VC_WiiU-TRSI.rar,34.29 MB,2020-01-31 21:01,WIIU Scene
Paper_Monster_Recut_WM3PUE_eShop_WiiU-BCG.rar,171.88 MB,2020-01-31 21:01,WIIU Scene
Paper_Monsters_Recut_USA_WM3EUE_eShop_WiiU-BCG.rar,171.80 MB,2020-01-31 21:01,WIIU Scene
Penguins_of_Madagasca_APGEVZ_USA_WiiU-BCG.rar,284.66 MB,2020-01-31 21:01,WIIU Scene
Penguins_of_Madagascar_EUR_WiiU-VENOM.rar,1.58 GB,2020-01-31 21:01,WIIU Scene
Phineas.and.Ferb.Quest.for.Cool.Stuff.USA.WiiU-FAKE.tar,20.20 GB,2020-01-31 21:01,WIIU Scene
Phineas_and_Ferb_Quest_for_Cool_Stuff_MULTi5_COMPLETE_EUR_WiiU-LaKiTu.rar,1.65 GB,2020-01-31 21:01,WIIU Scene
Phineas_and_Ferb_Quest_for_Cool_Stuff_MULTi5_SCRUBBED_EUR_WiiU-LaKiTu.rar,197.97 MB,2020-01-31 21:01,WIIU Scene
PictoParty_eShop_WiiU-HatchetGear.rar,88.76 MB,2020-01-31 21:01,WIIU Scene
Pier_Solar_and_the_Great_Architects_MULTi5_eShop_WiiU-LiNKLE.rar,2.03 GB,2020-01-31 21:01,WIIU Scene
Pier_Solar_and_the_Great_Architects_REPACK_MULTi5_eShop_WiiU-LiNKLE.rar,2.03 GB,2020-01-31 21:01,WIIU Scene
Pikmin.3.USA.WiiU-FAKE.rar,22.31 GB,2020-01-31 21:01,WIIU Scene
Pikmin_3_EUR_MULTi5_WiiU-ABSTRAKT.rar,5 GB,2020-01-31 21:01,WIIU Scene
Pikmin_3_USA_PROPER_WiiU-SUXXORS.rar,23.65 GB,2020-01-31 21:01,WIIU Scene
PixelJunk_Monsters_BPHP5D_eShop_EUR_WiiU-BCG.rar,117.05 MB,2020-01-31 21:01,WIIU Scene
Pixel_Slime_U_eShop_AUPP8U_EUR_WiiU-BCG.rar,27.52 MB,2020-01-31 21:01,WIIU Scene
Pokken_Tournament_USA_WiiU-SUXXORS.rar,4.77 GB,2020-01-31 21:01,WIIU Scene
Polarium_Advance_eShop_WiiU-HatchetGear.rar,41.64 MB,2020-01-31 21:01,WIIU Scene
Poncho_WiiU-PACT.rar,162.54 MB,2020-01-31 21:01,WIIU Scene
Project.Zero.Maiden.of.Black.Water.EUR.WiiU-FAKE.rar,224.25 MB,2020-01-31 21:01,WIIU Scene
Puddle_WDLPNK_eShop_WiiU-BCG.rar,576.91 MB,2020-01-31 21:01,WIIU Scene
Pullblox_World_WKEP01_eShop_WiiU-BCG.rar,168.09 MB,2020-01-31 21:01,WIIU Scene
Pumped_BMX_Plus_BPBPUB_eShop_WiiU-BCG.rar,262.17 MB,2020-01-31 21:01,WIIU Scene
Punch_Out_VC_NES_NTSC_USA_eShop_WiiU-BCG.rar,3.77 MB,2020-01-31 21:01,WIIU Scene
Pure_Chess_WC9PCY_eShop_WiiU-BCG.rar,394.77 MB,2020-01-31 21:01,WIIU Scene
Puyo_Puyo_Tetris_JAP_WiiU-PUSSYCAT.rar,3.15 GB,2020-01-31 21:01,WIIU Scene
Puzzle_Monkeys_BPZP48_eShop_WiiU-BCG.rar,81.59 MB,2020-01-31 21:01,WIIU Scene
Q.U.B.E_Directors_Cut_eShop_WDCP7L_EUR_WiiU-BCG.rar,906.30 MB,2020-01-31 21:01,WIIU Scene
Quest_of_Dungeons_WiiU-PACT.rar,33.69 MB,2020-01-31 21:01,WIIU Scene
R-Type_TurboGrafx_VC_WiiU-TRSI.rar,41.74 MB,2020-01-31 21:01,WIIU Scene
R-Type_eShop_WiiU-HatchetGear.rar,133.58 MB,2020-01-31 21:01,WIIU Scene
RUSH_WCFPTW_eShop_WiiU-BCG.rar,137.19 MB,2020-01-31 21:01,WIIU Scene
Rabbids.Land.EUR.WiiU-PoWeRUp.tar,7.17 GB,2020-01-31 21:01,WIIU Scene
Rabbids_Land_USA_MULTi3_WiiU-PUSSYCAT.rar,7.38 GB,2020-01-31 21:01,WIIU Scene
Race_the_Sun_eShop_ARCP5Y_EUR_WiiU-BCG.rar,50.86 MB,2020-01-31 21:01,WIIU Scene
Rapala_Pro_Bass_Fishing_WiiU-VENOM.rar,4.41 GB,2020-01-31 21:01,WIIU Scene
Rayman_Legends_EUR_MULTi7_WiiU-ABSTRAKT.rar,8.04 GB,2020-01-31 21:01,WIIU Scene
Raymond_Legends_USA_WiiU-RETRiBUTiON.rar,7.90 GB,2020-01-31 21:01,WIIU Scene
Reptilian_Rebellion_eShop_BRLP7C_EUR_WiiU-BCG.rar,37.81 MB,2020-01-31 21:01,WIIU Scene
Reptilian_Rebellion_eShop_WiiU-HatchetGear.rar,66.18 MB,2020-01-31 21:01,WIIU Scene
Resident_Evil_Revelations_EUR_WiiU-VENOM.rar,13.85 GB,2020-01-31 21:01,WIIU Scene
Retro_Road_Rumble_WiiU-PACT.rar,229.12 MB,2020-01-31 21:01,WIIU Scene
Rock_N_Racing_Off_Road_eShop_WAEPUP_EUR_WiiU-BCG.rar,123.77 MB,2020-01-31 21:01,WIIU Scene
Rodea_The_Sky_Soldier_EUR_WiiU-VENOM.rar,5.59 GB,2020-01-31 21:01,WIIU Scene
Rodea_The_Sky_Soldier_JAP_WiiU-PUSSYCAT.rar,3.81 GB,2020-01-31 21:01,WIIU Scene
Rodea_The_Sky_Soldier_USA_MULTi4_WiiU-PUSSYCAT.rar,5.50 GB,2020-01-31 21:01,WIIU Scene
Rodea_the_Sky_Soldier_JPN_Loadiine_WiiU-Duowan.rar,2.65 GB,2020-01-31 21:01,WIIU Scene
Roving_Rogue_eShop_WCJPVB_EUR_WiiU-BCG.rar,71.73 MB,2020-01-31 21:01,WIIU Scene
Rubiks_Cube_WiiU-HatchetGear.rar,186.08 MB,2020-01-31 21:01,WIIU Scene
Run_Run_and_Die_eShop_BRRPUP_EUR_WiiU-BCG.rar,169.10 MB,2020-01-31 21:01,WIIU Scene
Runbow_ARNP0P_eShop_WiiU-BCG.rar,189.74 MB,2020-01-31 21:01,WIIU Scene
Runbow_Deluxe_Edition_REPACK_WiiU-VENOM.rar,239.57 MB,2020-01-31 21:01,WIIU Scene
Runbow_Deluxe_Edition_USA_WiiU-PACT.rar,2.13 GB,2020-01-31 21:01,WIIU Scene
Runbow_Deluxe_Edition_WiiU-VENOM.rar,236.33 MB,2020-01-31 21:01,WIIU Scene
Ryu_ga_Gotoku_1_and_2_HD_JAP_WiiU-BCG.rar,16.18 GB,2020-01-31 21:01,WIIU Scene
Sangokushi_12_JAP_WiiU-PUSSYCAT.rar,3.91 GB,2020-01-31 21:01,WIIU Scene
Scram_Kitty_and_his_Buddy_on_Rails_WKTPCS_eShop_WiiU-BCG.rar,70.62 MB,2020-01-31 21:01,WIIU Scene
Scribblenauts.Unlimited.USA.WiiU-PoWeRUp.tar,23.29 GB,2020-01-31 21:01,WIIU Scene
Scribblenauts_Unlimited_EUR_AUS_WiiU-PUSSYCAT.rar,1.45 GB,2020-01-31 21:01,WIIU Scene
Scribblenauts_Unlimited_MULTi6_SCRUBBED_EUR_WiiU-LaKiTu.rar,1.27 GB,2020-01-31 21:01,WIIU Scene
Scribblenauts_Unlimited_v00_EUR_MULTi6_COMPLETE_WiiU-PUSSYCAT.rar,1.48 GB,2020-01-31 21:01,WIIU Scene
Scribblenauts_Unlimited_v01_EUR_MULTi6_WiiU-PUSSYCAT.rar,2.45 GB,2020-01-31 21:01,WIIU Scene
Scribblenauts_Unmasked_A_DC_Comics_Adventure_EUR_WiiU-PUSSYCAT.rar,2.16 GB,2020-01-31 21:01,WIIU Scene
Scribblenauts_Unmasked_A_DC_Comics_Adventure_USA_WiiU-VENOM.tar,23.31 GB,2020-01-31 21:01,WIIU Scene
Secret_Files_Tunguska_MULTi2_eShop_WiiU-TRSI.rar,2.77 GB,2020-01-31 21:01,WIIU Scene
Severed_WiiU-PACT.rar,217.46 MB,2020-01-31 21:01,WIIU Scene
Shadow_Puppeteer_BPWP8G_eShop_WiiU-BCG.rar,660.40 MB,2020-01-31 21:01,WIIU Scene
Shantae_Half_Genie_Hero_USA_WiiU-VENOM.rar,23.65 GB,2020-01-31 21:01,WIIU Scene
Shantae_Riskys_Revenge_Directors_Cut_ARRPWY_eShop_WiiU-BCG.rar,176.24 MB,2020-01-31 21:01,WIIU Scene
Shin_Hokuto_Musou_JAP_WiiU-PUSSYCAT.rar,11.94 GB,2020-01-31 21:01,WIIU Scene
Shiny_the_Firefly_ADFENK_eShop_WiiU-BCG.rar,181.78 MB,2020-01-31 21:01,WIIU Scene
Shovel_Knight_EUR_WiiU-VENOM.rar,1.57 GB,2020-01-31 21:01,WIIU Scene
Shovel_Knight_USA_WiiU-PUSSYCAT.rar,1.48 GB,2020-01-31 21:01,WIIU Scene
Shovel_Knight_USA_WiiU_wud.rar,1.44 GB,2020-01-31 21:01,WIIU Scene
Simple_Wii_U_Series_Vol_1_The_Family_Party_JAP_WiiU-PUSSYCAT.rar,504.65 MB,2020-01-31 21:01,WIIU Scene
Sin_And_Punishment_N64_VC_WiiU-TRSI.rar,36.12 MB,2020-01-31 21:01,WIIU Scene
Sing_Party_EUR_MULTi8_COMPLETE_WiiU-PUSSYCAT.rar,11.34 GB,2020-01-31 21:01,WIIU Scene
Sing_Party_READNFO_WiiU-LiGHTFORCE.rar,8.01 GB,2020-01-31 21:01,WIIU Scene
Sing_Party_USA_MULTi4_WiiU-PUSSYCAT.rar,11.33 GB,2020-01-31 21:01,WIIU Scene
Sky_Force_Anniversary_WiiU-PACT.rar,305.45 MB,2020-01-31 21:01,WIIU Scene
Skylanders_Giants_EUR_MULTi10_COMPLETE_WiiU-PUSSYCAT.rar,11.04 GB,2020-01-31 21:01,WIIU Scene
Skylanders_Giants_MULTI_READNFO_WiiU-LiGHTFORCE.rar,9.93 GB,2020-01-31 21:01,WIIU Scene
Skylanders_Giants_USA_WiiU-RETRiBUTiON.rar,11.04 GB,2020-01-31 21:01,WIIU Scene
Skylanders_Imaginators_EUR_MULTi10_COMPLETE_WiiU-PUSSYCAT.rar,20.69 GB,2020-01-31 21:01,WIIU Scene
Skylanders_Imaginators_MULTi10_SCRUBBED_EUR_WiiU-LaKiTu.rar,16.97 GB,2020-01-31 21:01,WIIU Scene
Skylanders_Imaginators_MULTi10_SCRUBBED_PROOFFiX_EUR_WiiU-LaKiTu.rar,380.07 KB,2020-01-31 21:01,WIIU Scene
Skylanders_Imaginators_USA_MULTi10_WiiU-PUSSYCAT.rar,20.60 GB,2020-01-31 21:01,WIIU Scene
Skylanders_SuperChargers_EUR_WiiU-VENOM.rar,16.78 GB,2020-01-31 21:01,WIIU Scene
Skylanders_SuperChargers_USA_MULTi10_WiiU-PUSSYCAT.rar,16.69 GB,2020-01-31 21:01,WIIU Scene
Skylanders_Swap_Force_EUR_WiiU-VENOM.rar,15.23 GB,2020-01-31 21:01,WIIU Scene
Skylanders_Swap_Force_USA_MULTi4_WiiU-PUSSYCAT.rar,15.21 GB,2020-01-31 21:01,WIIU Scene
Skylanders_Trap_Team_EUR_WiiU-VENOM.rar,15.61 GB,2020-01-31 21:01,WIIU Scene
Skylanders_Trap_Team_USA_WiiU-SUXXORS.rar,23.65 GB,2020-01-31 21:01,WIIU Scene
Slender_-_The_Arrival_BSAP7X_eShop_WiiU-BCG.rar,590.73 MB,2020-01-31 21:01,WIIU Scene
Sniper_Elite_V2_EUR_MULTi5_WiiU-ABSTRAKT.rar,2.80 GB,2020-01-31 21:01,WIIU Scene
Sniper_Elite_V2_USA_WiiU-VENOM.tar,23.27 GB,2020-01-31 21:01,WIIU Scene
Sonic.Lost.World.USA.WiiU-PoWeRUp.tar,23.23 GB,2020-01-31 21:01,WIIU Scene
Sonic.and.All-Stars.Racing.Transformed.USA.WiiU-FAKE.tar,23.22 GB,2020-01-31 21:01,WIIU Scene
Sonic_All_Stars_Racing_Transformed_EUR_WiiU-ABSTRAKT.rar,5.91 GB,2020-01-31 21:01,WIIU Scene
Sonic_Boom_Rise_Of_Lyric_EUR_MULTi5_WiiU-PUSSYCAT.rar,9.21 GB,2020-01-31 21:01,WIIU Scene
Sonic_Boom_Rise_of_Lyric_USA_WiiU-FAKE.rar,9.17 GB,2020-01-31 21:01,WIIU Scene
Sonic_Lost_World_EUR_WiiU-ABSTRAKT.rar,7.64 GB,2020-01-31 21:01,WIIU Scene
Soul_Axiom_WiiU-PACT.rar,1.97 GB,2020-01-31 21:01,WIIU Scene
Spin_the_Bottle_Bumpies_Party_WB6PYV_eShop_WiiU-BCG.rar,45.17 MB,2020-01-31 21:01,WIIU Scene
Splashy_Duck_WiiU-HatchetGear.rar,34.60 MB,2020-01-31 21:01,WIIU Scene
Splatoon.USA.WiiU-FAKE.rar,2.95 GB,2020-01-31 21:01,WIIU Scene
Splatoon_EUR_WiiU-ABSTRAKT.rar,3.02 GB,2020-01-31 21:01,WIIU Scene
Splinter_Cell_Blacklist_EUR_WiiU-ABSTRAKT.rar,16.93 GB,2020-01-31 21:01,WIIU Scene
SpongeBob_SquarePants_Planktons_Robotic_Revenge_AS5E52_USA_WiiU-BCG.rar,955.72 MB,2020-01-31 21:01,WIIU Scene
SpongeBob_SquarePants_Planktons_Robotic_Revenge_USA_WiiU-VENOM.rar,23.65 GB,2020-01-31 21:01,WIIU Scene
Spongebob_Squarepants-Planktons_Robotic_Revenge_MULTI_WiiU-LiGHTFORCE.rar,1.02 GB,2020-01-31 21:01,WIIU Scene
Spongebob_Squarepants_Planktons_Robotic_Revenge_EUR_MULTi7_COMPLETE_WiiU-PUSSYCAT.rar,2.46 GB,2020-01-31 21:01,WIIU Scene
Spy_Chameleon_BC9PUP_eShop_WiiU-BCG.rar,147.07 MB,2020-01-31 21:01,WIIU Scene
Squids_Odyssey_eShop_WJCEBV_USA_WiiU-BCG.rar,402.49 MB,2020-01-31 21:01,WIIU Scene
Star_Fox_64_N64_VC_WiiU-TRSI.rar,21.91 MB,2020-01-31 21:01,WIIU Scene
Star_Fox_Guard_EUR_MULTi5_COMPLETE_WiiU-FAKE.rar,2.76 GB,2020-01-31 21:01,WIIU Scene
Star_Fox_Guard_JAP_WiiU-PUSSYCAT.rar,2.47 GB,2020-01-31 21:01,WIIU Scene
Star_Fox_Guard_MULTi5_WiiU-LiNKLE.rar,1.37 GB,2020-01-31 21:01,WIIU Scene
Star_Fox_Guard_USA_MULTi3_PUSSYCAT.rar,2.58 GB,2020-01-31 21:01,WIIU Scene
Star_Fox_Zero_EUR_WiiU-VENOM.rar,11.63 GB,2020-01-31 21:01,WIIU Scene
Star_Fox_Zero_JAP_WiiU-PUSSYCAT.rar,5.86 GB,2020-01-31 21:01,WIIU Scene
Star_Fox_Zero_USA_WiiU-SUXXORS.rar,6.24 GB,2020-01-31 21:01,WIIU Scene
SteamWorld_Collection_EUR_MULTi7_COMPLETE_WiiU-PUSSYCAT.rar,1.65 GB,2020-01-31 21:01,WIIU Scene
SteamWorld_Collection_MULTi6_SCRUBBED_EUR_WiiU-LaKiTu.rar,277.10 MB,2020-01-31 21:01,WIIU Scene
SteamWorld_Dig_ADGPVW_eShop_WiiU-BCG.rar,71.61 MB,2020-01-31 21:01,WIIU Scene
SteamWorld_Heist_WiiU-PACT.rar,204.69 MB,2020-01-31 21:01,WIIU Scene
Steamworld_Collection_USA_WiiU-PACT.rar,1.56 GB,2020-01-31 21:01,WIIU Scene
Stick_It_To_The_Man_WMNPCY_eShop_WiiU-BCG.rar,587.32 MB,2020-01-31 21:01,WIIU Scene
Stone_Shire_eShop_BSVP1F_EUR_WiiU-BCG.rar,44.86 MB,2020-01-31 21:01,WIIU Scene
Stone_Shire_eShop_WiiU-TRSI.rar,95.71 MB,2020-01-31 21:01,WIIU Scene
Street_Fighter_Alpha_2_VC_SNES_NTSC_USA_eShop_WiiU-BCG.rar,15.08 MB,2020-01-31 21:01,WIIU Scene
Style_Savvy_DS_DA6E01_eShop_WiiU-BCG.rar,68.29 MB,2020-01-31 21:01,WIIU Scene
Sudoku_and_Permudoku_BPJE91_eShop_WiiU-BCG.rar,83.46 MB,2020-01-31 21:01,WIIU Scene
Super.Mario.3D.World.USA.WiiU-PoWeRUp.tar,23.31 GB,2020-01-31 21:01,WIIU Scene
Super.Mario.Maker.EUR.WiiU-FAKE.rar,2.21 GB,2020-01-31 21:01,WIIU Scene
Super_C_VC_NES_NTSC_USA_eShop_WiiU-BCG.rar,3.75 MB,2020-01-31 21:01,WIIU Scene
Super_Castlevania_IV_VC_SNES_NTSC_USA_eShop_WiiU-BCG.rar,8.35 MB,2020-01-31 21:01,WIIU Scene
Super_Destronaut_2_Go_Duck_Yourself_WiiU-iCON.rar,45.35 MB,2020-01-31 21:01,WIIU Scene
Super_Destronaut_WiiU-iCON.rar,36.22 MB,2020-01-31 21:01,WIIU Scene
Super_Ghouls_and_Ghosts_VC_GBA_NTSC_USA_eShop_WiiU-BCG.rar,37.89 MB,2020-01-31 21:01,WIIU Scene
Super_Ghouls_and_Ghosts_VC_SNES_NTSC_USA_eShop_WiiU-BCG.rar,8.32 MB,2020-01-31 21:01,WIIU Scene
Super_Mario_3D_World_EUR_WiiU-ABSTRAKT.tar,2.69 GB,2020-01-31 21:01,WIIU Scene
Super_Mario_64_N64_VC_WiiU-TRSI.rar,17.81 MB,2020-01-31 21:01,WIIU Scene
Super_Mario_64_VC_N64_NTSC_USA_eShop_WiiU-BCG.rar,13.09 MB,2020-01-31 21:01,WIIU Scene
Super_Mario_Advance_2_VC_GBA_NTSC_USA_eShop_WiiU-BCG.rar,40.22 MB,2020-01-31 21:01,WIIU Scene
Super_Mario_Advance_3_VC_GBA_NTSC_USA_eShop_WiiU-BCG.rar,40.27 MB,2020-01-31 21:01,WIIU Scene
Super_Mario_Advance_4_VC_GBA_NTSC_USA_eShop_WiiU-BCG.rar,41.08 MB,2020-01-31 21:01,WIIU Scene
Super_Mario_Advance_VC_GBA_NTSC_USA_eShop_WiiU-BCG.rar,40.03 MB,2020-01-31 21:01,WIIU Scene
Super_Mario_Bros_2_VC_NES_NTSC_USA_eShop_WiiU-BCG.rar,3.71 MB,2020-01-31 21:01,WIIU Scene
Super_Mario_Bros_3_VC_NES_NTSC_USA_eShop_WiiU-BCG.rar,3.87 MB,2020-01-31 21:01,WIIU Scene
Super_Mario_Bros_The_Lost_Levels_VC_NES_NTSC_USA_eShop_WiiU-BCG.rar,3.67 MB,2020-01-31 21:01,WIIU Scene
Super_Mario_Kart_VC_SNES_NTSC_USA_eShop_WiiU-BCG.rar,7.96 MB,2020-01-31 21:01,WIIU Scene
Super_Mario_Maker_JPN_Loadiine_WiiU-Duowan.rar,831.71 MB,2020-01-31 21:01,WIIU Scene
Super_Mario_Maker_USA_WiiU-SUXXORS.rar,2.08 GB,2020-01-31 21:01,WIIU Scene
Super_Mario_RPG_Legend_of_the_Seven_Stars_REPACK_SNES_VC_WiiU-LiNKLE.rar,15.12 MB,2020-01-31 21:01,WIIU Scene
Super_Mario_RPG_Legend_of_the_Seven_Stars_SNES_VC_WiiU-LiNKLE.rar,10.49 MB,2020-01-31 21:01,WIIU Scene
Super_Mario_World_SNES_VC_WiiU-TRSI.rar,16.26 MB,2020-01-31 21:01,WIIU Scene
Super_Mario_World_VC_SNES_NTSC_USA_eShop_WiiU-BCG.rar,7.92 MB,2020-01-31 21:01,WIIU Scene
Super_Maro_Bros_VC_NES_NTSC_USA_eShop_WiiU-BCG.rar,3.66 MB,2020-01-31 21:01,WIIU Scene
Super_Meat_Boy_AENP7Z_eShop_WiiU-BCG.rar,187.27 MB,2020-01-31 21:01,WIIU Scene
Super_Metroid_MULTi3_SNES_VC_WiiU-TRSI.rar,14.40 MB,2020-01-31 21:01,WIIU Scene
Super_Metroid_VC_SNES_NTSC_USA_eShop_WiiU-BCG.rar,10.36 MB,2020-01-31 21:01,WIIU Scene
Super_Punch_Out_VC_SNES_NTSC_USA_eShop_WiiU-BCG.rar,9.69 MB,2020-01-31 21:01,WIIU Scene
Super_Robo_Mouse_eShop_WMWP8U_EUR_WiiU-BCG.rar,55.61 MB,2020-01-31 21:01,WIIU Scene
Super_Smash_Bros_For_WiiU_EUR_WiiU-ABSTRAKT.tar,18.91 GB,2020-01-31 21:01,WIIU Scene
Super_Smash_Bros_For_WiiU_USA_WiiU-RETRiBUTiON.rar,17.70 GB,2020-01-31 21:01,WIIU Scene
Super_Smash_Bros_for_WiiU_AXFJ01_JPN_WiiU-BCG.rar,11.77 GB,2020-01-31 21:01,WIIU Scene
Sweetest_Thing_AERPET_eShop_WiiU-BCG.rar,211.03 MB,2020-01-31 21:01,WIIU Scene
Swords_and_Soldiers_II_BS2PRG_eShop_WiiU-BCG.rar,442.38 MB,2020-01-31 21:01,WIIU Scene
TNT_Racers_Nitro_Machines_Edition_eShop_WAYPDY_EUR_WiiU-BCG.rar,205.89 MB,2020-01-31 21:01,WIIU Scene
Tabletop_Gallery_AR2E8U_eShop_WiiU-BCG.rar,37.23 MB,2020-01-31 21:01,WIIU Scene
Taiko.No.Tatsujin.Wii.U.Version.JPN.WiiU-FAKE.rar,23.65 GB,2020-01-31 21:01,WIIU Scene
Taiko_no_Tatsujin_WiiU_Version_Loadiine_WiiU-Duowan.rar,1.50 GB,2020-01-31 21:01,WIIU Scene
Tales_of_Berseria_JPN_PS3-HR.rar,8.21 GB,2020-01-31 21:01,WIIU Scene
Tank.Tank.Tank.USA.WiiU-FAKE.tar,23.29 GB,2020-01-31 21:01,WIIU Scene
Tank_Tank_Tank_EUR_WiiU-ABSTRAKT.rar,1.63 GB,2020-01-31 21:01,WIIU Scene
Tap_Tap_Arcade_2_WiiU-HatchetGear.rar,29.81 MB,2020-01-31 21:01,WIIU Scene
Tecmo_Bowl_VC_NES_NTSC_USA_eShop_WiiU-BCG.rar,3.79 MB,2020-01-31 21:01,WIIU Scene
Tekken_Tag_Tournament_2_EUR_WiiU-VENOM.rar,15.30 GB,2020-01-31 21:01,WIIU Scene
Tekken_Tag_Tournament_2_JAP_WiiU-PUSSYCAT.rar,15.31 GB,2020-01-31 21:01,WIIU Scene
Tekken_Tag_Tournament_2_USA_MULTi3_WiiU-PUSSYCAT.rar,15.31 GB,2020-01-31 21:01,WIIU Scene
Tengami_WG3P7X_eShop_WiiU-BCG.rar,221.89 MB,2020-01-31 21:01,WIIU Scene
Terraria_EUR_MULTi5_COMPLETE_WiiU-PUSSYCAT.rar,1.51 GB,2020-01-31 21:01,WIIU Scene
Terraria_WiiU-VENOM.rar,168.13 MB,2020-01-31 21:01,WIIU Scene
Terraria_eShop_BTXEGT_USA_WiiU-BCG.rar,167.66 MB,2020-01-31 21:01,WIIU Scene
Teslagrad_EUR_WiiU_MERRY_XMAS-ABSTRAKT.rar,2.42 GB,2020-01-31 21:01,WIIU Scene
Teslapunk_WiiU-PACT.rar,231.65 MB,2020-01-31 21:01,WIIU Scene
Tetrobot_and_Co_ATCPNK_eShop_WiiU-BCG.rar,304.91 MB,2020-01-31 21:01,WIIU Scene
The.Croods.Prehistoric.Party.USA.WiiU-PoWeRuP.tar,23.29 GB,2020-01-31 21:01,WIIU Scene
The.Legend.of.Zelda.The.Wind.Waker.HD.USA.WiiU-FAKE.tar,23.30 GB,2020-01-31 21:01,WIIU Scene
The.Legend.of.Zelda.Twilight.Princess.HD.USA.WiiU-FAKE.rar,5.70 GB,2020-01-31 21:01,WIIU Scene
The.Smurfs.2.USA.WiiU-PoWeRUp.tar,23.29 GB,2020-01-31 21:01,WIIU Scene
The_Adventures_of_Bayou_Billy_VC_NES_NTSC_USA_eShop_WiiU-BCG.rar,3.83 MB,2020-01-31 21:01,WIIU Scene
The_Amazing_SpiderMan_2_EUR_WiiU-VENOM.rar,8.93 GB,2020-01-31 21:01,WIIU Scene
The_Amazing_Spiderman_Ultimate_Edition_MULTi5_EUR_WiiU-LaKiTu.rar,23.65 GB,2020-01-31 21:01,WIIU Scene
The_Avengers_Battle_for_Earth_PAL_WiiU-VENOM.tar,23.27 GB,2020-01-31 21:01,WIIU Scene
The_Binding_of_Isaac_Rebirth_BRXPNV_eShop_WiiU-BCG.rar,320.05 MB,2020-01-31 21:01,WIIU Scene
The_Book_Of_Unwritten_Tales_2_EUR_MULTi5_COMPLETE_WiiU-PUSSYCAT.rar,9.45 GB,2020-01-31 21:01,WIIU Scene
The_Book_Of_Unwritten_Tales_2_MULTI_WiiU-LiGHTFORCE.rar,4.81 GB,2020-01-31 21:01,WIIU Scene
The_Book_Of_Unwritten_Tales_2_USA_MULTi6_COMPLETE_WiiU-PUSSYCAT.rar,9.37 GB,2020-01-31 21:01,WIIU Scene
The_Book_of_Unwritten_Tales_2_USA_WiiU-BCG.rar,4.81 GB,2020-01-31 21:01,WIIU Scene
The_Book_of_Unwritten_Tales_2_WiiU-VENOM.rar,4.78 GB,2020-01-31 21:01,WIIU Scene
The_Bridge_ABCP6D_eShop_WiiU-BCG.rar,236.70 MB,2020-01-31 21:01,WIIU Scene
The_Cave_WCVP8P_eShop_WiiU-BCG.rar,1.29 GB,2020-01-31 21:01,WIIU Scene
The_Croods_Prehistoric_Party_EUR_WiiU-ABSTRAKT.rar,1.63 GB,2020-01-31 21:01,WIIU Scene
The_Fall_BTFP1D_eShop_WiiU-BCG.rar,346.55 MB,2020-01-31 21:01,WIIU Scene
The_LEGO_Movie_Videogame_EUR_WiiU-VENOM.rar,8.22 GB,2020-01-31 21:01,WIIU Scene
The_LEGO_Movie_Videogame_v01_USA_MULTi4_WiiU-PUSSYCAT.rar,8.13 GB,2020-01-31 21:01,WIIU Scene
The_Legend_of_Zelda_-_The_Wind_Waker_HD_JPN_WiiU-FREE.rar,1.69 GB,2020-01-31 21:01,WIIU Scene
The_Legend_of_Zelda_A_Link_to_the_Past_DiRFiX_SNES_VC_WiiU-LiNKLE.rar,14.10 KB,2020-01-31 21:01,WIIU Scene
The_Legend_of_Zelda_A_Link_to_the_Past_REPACK_SNES_WiiU_VC-LiNKLE.rar,16.61 MB,2020-01-31 21:01,WIIU Scene
The_Legend_of_Zelda_A_Link_to_the_Past_VC_SNES_NTSC_USA_eShop_WiiU-BCG.rar,8.31 MB,2020-01-31 21:01,WIIU Scene
The_Legend_of_Zelda_Majoras_Mask_N64_MULTi4_VC_WiiU-LiNKLE.rar,33.79 MB,2020-01-31 21:01,WIIU Scene
The_Legend_of_Zelda_Majoras_Mask_REPACK_N64_MULTi4_VC_WiiU-LiNKLE.rar,38.26 MB,2020-01-31 21:01,WIIU Scene
The_Legend_of_Zelda_Majoras_Mask_WiiU-PACT.rar,37.39 MB,2020-01-31 21:01,WIIU Scene
The_Legend_of_Zelda_NES_VC_WiiU-LiNKLE.rar,3.61 MB,2020-01-31 21:01,WIIU Scene
The_Legend_of_Zelda_Ocarina_of_Time_N64_MULTi3_VC_WiiU-LiNKLE.rar,31.78 MB,2020-01-31 21:01,WIIU Scene
The_Legend_of_Zelda_Ocarina_of_Time_REPACK_N64_MULTi3_VC_WiiU-LiNKLE.rar,36.41 MB,2020-01-31 21:01,WIIU Scene
The_Legend_of_Zelda_Phantom_Hourglass_MULTi5_NDS_VC_WiiU-TRSI.rar,61.85 MB,2020-01-31 21:01,WIIU Scene
The_Legend_of_Zelda_REPACK_NES_VC_WiiU-LiNKLE.rar,7.77 MB,2020-01-31 21:01,WIIU Scene
The_Legend_of_Zelda_Spirit_Tracks_MULTi5_NDS_VC_WiiU-TRSI.rar,90.32 MB,2020-01-31 21:01,WIIU Scene
The_Legend_of_Zelda_The_Minish_Cap_MULTi5_GBA_VC_WiiU-LiNKLE.rar,51.15 MB,2020-01-31 21:01,WIIU Scene
The_Legend_of_Zelda_The_Minish_Cap_REPACK_MULTi5_GBA_VC_WiiU-LiNKLE.rar,53.97 MB,2020-01-31 21:01,WIIU Scene
The_Legend_of_Zelda_The_Wind_Waker_HD_EUR_WiiU-VENOM.rar,2.85 GB,2020-01-31 21:01,WIIU Scene
The_Legend_of_Zelda_VC_NES_NTSC_USA_eShop_WiiU-BCG.rar,3.69 MB,2020-01-31 21:01,WIIU Scene
The_Peanuts_Movie_Snoopys_Grand_Adventure_EUR_WiiU-VENOM.rar,4.76 GB,2020-01-31 21:01,WIIU Scene
The_Peanuts_Movie_Snoopys_Grand_Adventure_USA_MULTi3_WiiU-PUSSYCAT.rar,2.51 GB,2020-01-31 21:01,WIIU Scene
The_Sims_4_EUR_PS4-TCD.rar,11.68 GB,2020-01-31 21:01,WIIU Scene
The_Smurfs_2_EUR_MULTi9_WiiU-PUSSYCAT.rar,2.51 GB,2020-01-31 21:01,WIIU Scene
The_Swapper_AXZPUB_eShop_WiiU-BCG.rar,264.22 MB,2020-01-31 21:01,WIIU Scene
The_Swapper_REPACK_MULTi4_eShop_WiiU-LiNKLE.rar,263.62 MB,2020-01-31 21:01,WIIU Scene
The_Swindle_BS7PUB_eShop_WiiU-BCG.rar,399.07 MB,2020-01-31 21:01,WIIU Scene
The_Voice_I_Want_You_USA_WiiU-PUSSYCAT.rar,7.62 GB,2020-01-31 21:01,WIIU Scene
The_Walking_Dead_Survival_Instinc_USA_WiiU-BCG.rar,9.01 GB,2020-01-31 21:01,WIIU Scene
The_Walking_Dead_Survival_Instinct_EUR_WiiU-VENOM.rar,15.32 GB,2020-01-31 21:01,WIIU Scene
The_Wonderful_101_EUR_MULTi5_WiiU-ABSTRAKT.rar,11.15 GB,2020-01-31 21:01,WIIU Scene
The_Wonderful_101_JAP_WiiU-PUSSYCAT.rar,11.04 GB,2020-01-31 21:01,WIIU Scene
The_Wonderful_101_USA_ACME01_FIXED_WiiU-BCG.rar,8.42 GB,2020-01-31 21:01,WIIU Scene
The_Wonderful_101_USA_WiiU-RETRiBUTiON.rar,11.06 GB,2020-01-31 21:01,WIIU Scene
Thomas_Was_Alone_BTWPUB_eShop_WiiU-BCG.rar,485.90 MB,2020-01-31 21:01,WIIU Scene
Toki_Tori_WKRPTW_eShop_WiiU-BCG.rar,113.89 MB,2020-01-31 21:01,WIIU Scene
Tokyo.Mirage.Sessions.FE.EUR.WiiU-FAKE.rar,14.15 GB,2020-01-31 21:01,WIIU Scene
Tokyo.Mirage.Sessions.FE.USA.WiiU-FAKE.rar,14.07 GB,2020-01-31 21:01,WIIU Scene
Tokyo_Mirage_Sessions_FE_WiiU-WiiERD.rar,11.91 GB,2020-01-31 21:01,WIIU Scene
Tokyo_Mirrage_Sessions_FE_ASEP01_EUR_WiiU-BCG.rar,11.91 GB,2020-01-31 21:01,WIIU Scene
Tom_Clancys_Splinter_Cell_Blacklist_USA_MULTi4_WiiU-PUSSYCAT.rar,15.58 GB,2020-01-31 21:01,WIIU Scene
Toon_Tanks_ATNE3T_eShop_WiiU-BCG.rar,62.11 MB,2020-01-31 21:01,WIIU Scene
Totem_Topple_REPACK_eShop_WiiU-LiNKLE.rar,103.38 MB,2020-01-31 21:01,WIIU Scene
Totem_Topple_eShop_WiiU-LiNKLE.rar,100.81 MB,2020-01-31 21:01,WIIU Scene
Transformers_Prime_EUR_WiiU-VENOM.rar,2.23 GB,2020-01-31 21:01,WIIU Scene
Transformers_Rise_of_the_Dark_Spark_USA_WiiU-BCG.rar,7.15 GB,2020-01-31 21:01,WIIU Scene
Transformers_The_Dark_Spark_EUR_WiiU-VENOM.rar,8.95 GB,2020-01-31 21:01,WIIU Scene
Trine_Enchanted_Edition_BTEPFZ_eShop_WiiU-BCG.rar,767.78 MB,2020-01-31 21:01,WIIU Scene
Tumblestone_REPACK_WiiU-VENOM.rar,322.76 MB,2020-01-31 21:01,WIIU Scene
Tumblestone_USA_MULTi21_COMPLETE_WiiU-PUSSYCAT.rar,2.05 GB,2020-01-31 21:01,WIIU Scene
Tumblestone_WiiU-VENOM.rar,321.27 MB,2020-01-31 21:01,WIIU Scene
Turbo.Super.Stunt.Squad.USA.WiiU-PoWeRUp.tar,23.29 GB,2020-01-31 21:01,WIIU Scene
Turbo_Super_Stunt_Squad_EUR_MULTi5_WiiU-ABSTRAKT.rar,1.50 GB,2020-01-31 21:01,WIIU Scene
Ultratron_eShop_AUTPUB_EUR_WiiU-BCG.rar,98.91 MB,2020-01-31 21:01,WIIU Scene
Unepic_WEPPUP_eShop_WiiU-BCG.rar,219.87 MB,2020-01-31 21:01,WIIU Scene
VS_Excitebike_VC_NES_NTSC_USA_eShop_WiiU-BCG.rar,3.85 MB,2020-01-31 21:01,WIIU Scene
Warios_Woods_WiiU-PACT.rar,7.65 MB,2020-01-31 21:01,WIIU Scene
Warioware_Touched_DAGE01_eShop_WiiU-BCG.zip,31.83 MB,2020-01-31 21:01,WIIU Scene
Warriors_Orochi_3_Hyper_EUR_WiiU-ABSTRAKT.rar,15.68 GB,2020-01-31 21:01,WIIU Scene
Watch_Dogs_EUR_WiiU-ABSTRAKT.rar,20.63 GB,2020-01-31 21:01,WIIU Scene
Watch_Dogs_USA_MULTi4_WiiU-PUSSYCAT.rar,16.38 GB,2020-01-31 21:01,WIIU Scene
Wave_Race_64_N64_VC_WiiU-TRSI.rar,29.62 MB,2020-01-31 21:01,WIIU Scene
Wheel_of_Fortune_USA_WiiU-PACT.rar,1.15 GB,2020-01-31 21:01,WIIU Scene
Wheel_of_Fortune_WiiU-VENOM.rar,993.61 MB,2020-01-31 21:01,WIIU Scene
Whispering_Willows_AWWPHQ_eShop_WiiU-BCG.rar,783.75 MB,2020-01-31 21:01,WIIU Scene
Wicked_Monsters_Blast_HD_PLUS_AWMPYT_eShop_WiiU-BCG.rar,452.20 MB,2020-01-31 21:01,WIIU Scene
Wii.Party.U.USA.WiiU-PoWeRUp.tar,5 GB,2020-01-31 21:01,WIIU Scene
Wii.Sports.Club.USA.WiiU-PoWeRUp.rar,23.65 GB,2020-01-31 21:01,WIIU Scene
Wii_Fit_U_ASTP01_EUR_WiiU-BCG.rar,4.58 GB,2020-01-31 21:01,WIIU Scene
Wii_Fit_U_MULTi5_COMPLETE_WiiU-PUSSYCAT.rar,5.70 GB,2020-01-31 21:01,WIIU Scene
Wii_Fit_U_MULTi5_SCRUBBED_EUR_WiiU-LaKiTu.rar,3.65 GB,2020-01-31 21:01,WIIU Scene
Wii_Fit_U_USA_WiiU-RETRiBUTiON.rar,4.41 GB,2020-01-31 21:01,WIIU Scene
Wii_Karaoke_U_JAP_WiiU-PUSSYCAT.rar,20.06 GB,2020-01-31 21:01,WIIU Scene
Wii_Party_U_MULTi8_COMPLETE_EUR_WiiU-LaKiTu.rar,6.42 GB,2020-01-31 21:01,WIIU Scene
Wii_Party_U_MULTi8_SCRUBBED_EUR_WiiU-LaKiTu.rar,4.28 GB,2020-01-31 21:01,WIIU Scene
Wii_Sports_Club_KEYFIX_EUR_MULTi8_COMPLETE_WiiU-PUSSYCAT.rar,13.41 KB,2020-01-31 21:01,WIIU Scene
Wii_Sports_Club_MULTi8_COMPLETE_EUR_WiiU-LaKiTu.rar,1.76 GB,2020-01-31 21:01,WIIU Scene
Wii_Sports_Club_MULTi8_SCRUBBED_EUR_WiiU-LaKiTu.rar,604.26 MB,2020-01-31 21:01,WIIU Scene
Wipeout_3_PROPER_USA_WiiU-PUSSYCAT.rar,1.98 GB,2020-01-31 21:01,WIIU Scene
Wipeout_3_USA_WiiU-VENOM.tar,23.03 GB,2020-01-31 21:01,WIIU Scene
Wipeout_Create_and_Crash_WiiU-VENOM.rar,1.08 GB,2020-01-31 21:01,WIIU Scene
Wooden_SenSey_WDSPNK_eShop_EUR_WiiU-BCG.rar,273.46 MB,2020-01-31 21:01,WIIU Scene
XType_Plus_WEXP9X_eShop_WiiU-BCG.rar,41.63 MB,2020-01-31 21:01,WIIU Scene
Xenoblade.Chronicles.X.JPN.WiiU-FAKE.rar,23.65 GB,2020-01-31 21:01,WIIU Scene
Xenoblade.Chronicles.X.USA.WiiU-FAKE.rar,20.24 GB,2020-01-31 21:01,WIIU Scene
Xenoblade_Chronicles_X_EUR_WiiU-ABSTRAKT.rar,20.41 GB,2020-01-31 21:01,WIIU Scene
Year_Walk_APNP6X_eShop_WiiU-BCG.rar,145.54 MB,2020-01-31 21:01,WIIU Scene
Yo-Kai_Watch_Dance_Just_Dance_Special_Edition_JAP_WiiU-PUSSYCAT.rar,2.97 GB,2020-01-31 21:01,WIIU Scene
Yoshis_Island_DS_VC_NDS_NTSC_USA_eShop_WiiU-BCG.rar,32.88 MB,2020-01-31 21:01,WIIU Scene
Yoshis_Story_N64_VC_WiiU-TRSI.rar,21.33 MB,2020-01-31 21:01,WIIU Scene
Yoshis_Woolly_World_EUR_WiiU-VENOM.rar,8.46 GB,2020-01-31 21:01,WIIU Scene
Yoshis_Woolly_World_USA_WiiU-SUXXORS.rar,23.65 GB,2020-01-31 21:01,WIIU Scene
Your_Shape_Fitness_Evolved_2013_EUR_MULTi5_WiiU-ABSTRAKT.rar,710.25 MB,2020-01-31 21:01,WIIU Scene
Your_Shape_Fitness_Evolved_2013_USA_WiiU-RETRiBUTiON.tar,1.92 GB,2020-01-31 21:01,WIIU Scene
ZaciSa_Defense_of_the_Crayon_Dimensions_REPACK_eShop_WiiU-LiNKLE.rar,83.92 MB,2020-01-31 21:01,WIIU Scene
ZaciSa_Defense_of_the_Crayon_Dimensions_eShop_WiiU-LiNKLE.rar,80.01 MB,2020-01-31 21:01,WIIU Scene
Zelda_II_The_Adventure_of_Link_NES_VC_WiiU-LiNKLE.rar,3.63 MB,2020-01-31 21:01,WIIU Scene
Zelda_II_The_Adventure_of_Link_REPACK_NES_VC_WiiU-LiNKLE.rar,7.79 MB,2020-01-31 21:01,WIIU Scene
Zelda_II_The_Adventure_of_Link_VC_NES_NTSC_USA_eShop_WiiU-BCG.rar,3.72 MB,2020-01-31 21:01,WIIU Scene
Ziggurat_WiiU-PACT.rar,221.97 MB,2020-01-31 21:01,WIIU Scene
ZombiU.USA.WiiU-FAKE.tar,23.23 GB,2020-01-31 21:01,WIIU Scene
ZombiU_EUR_MULTi5_WiiU-ABSTRAKT.rar,5.77 GB,2020-01-31 21:01,WIIU Scene
ZombiU_EUR_MULTi7_WiiU-PUSSYCAT.rar,5.78 GB,2020-01-31 21:01,WIIU Scene
ZombiU_JAP_WiiU-PUSSYCAT.rar,5.78 GB,2020-01-31 21:01,WIIU Scene
Zumba_Fitness_World_Party_EUR_WiiU-VENOM.rar,13.55 GB,2020-01-31 21:01,WIIU Scene