A Kingdom For Keflings,0.76 GB,11/19/08
A World Of Keflings,0.9 GB,12/08/10
A.O.T. Wings Of Freedom,18.3 GB,08/26/16
Aaero,2.09 GB,04/11/17
Age Of Booty,0.6 GB,10/15/08
Alien Hominid Hd,0.55 GB,06/23/10
Altered Beast,0.55 GB,06/10/09
Anomaly Warzone Earth,0.98 GB,11/15/11
Arcade Game Series: Dig Dug,0.9 GB,04/20/16
Arcade Game Series: Galaga,0.9 GB,04/20/16
Arcade Game Series: Ms. Pac-Man,0.92 GB,04/20/16
Arcade Game Series: Pac-Man,0.92 GB,04/20/16
Arkanoid Live!,0.68 GB,05/06/09
Assassin’S Creed® Syndicate – The Last Maharaja Missions Pack,4.63 GB,03/01/16
Assault Heroes 2,0.69 GB,12/07/09
Badland: Game Of The Year Edition,0.27 GB,05/29/15
Banjo-Tooie,0.65 GB,06/23/10
Battle Islands,0.42 GB,10/09/15
Battlefield Bad Company 2,8.71 GB,03/02/10
Beat’N Groovy™,0.66 GB,10/08/08
Bejeweled 2,0.54 GB,11/22/05
Bike Mayhem 2,0.25 GB,02/05/16
Black Ops Iii – Nuk3Town Map,1.26 GB,11/06/15
Blue Dragon,20.18 GB,01/01/08
Blue Estate,4.14 GB,02/18/15
Boom Boom Rocket,0.57 GB,04/11/07
Borderlands 2,23.38 GB,03/27/15
Borderlands: The Pre-Sequel,13.82 GB,03/27/15
Brain Challenge™,0.72 GB,12/16/09
Bridge Constructor,0.29 GB,08/21/15
Burial At Sea- Episode 2 (2 Of 2),1.35 GB,03/25/14
Burnout Paradise,4.72 GB,08/03/10
Call Of Duty 3 Bravo Map Pack,0.97 GB,05/31/07
Call Of Duty®: Waw,7.01 GB,11/11/08
Carcassonne,0.64 GB,06/27/07
Castle Crashers,0.63 GB,06/23/10
Chivalry: Medieval Warfare,3.47 GB,12/02/15
Cities: Skylines – Xbox One Edition,2.11 GB,04/21/17
Civilization Revolution,5.74 GB,05/27/10
Collector’S Edition,0.44 GB,10/25/10
Comix Zone,0.55 GB,06/10/09
Commanders: Attack,0.64 GB,12/16/09
Contrast,1.94 GB,06/26/14
Crimsonland,0.2 GB,02/08/16
Daytona Usa,0.91 GB,10/26/11
Dc Universe Online,35.68 GB,04/29/16
Dead Rising 4,58.08 GB,12/06/16
Dead Space™ 2: Severed,1.48 GB,03/01/11
Dear Esther: Landmark Edition,1.7 GB,09/20/16
Deus Ex: Human Revolution,7.72 GB,03/20/12
Deus Ex: Mankind Divided™,40.96 GB,08/23/16
Discs Of Tron,0.58 GB,02/13/08
Disney Fantasia: Music Evolved,5.88 GB,10/23/14
Domino Master,0.61 GB,01/05/10
Doom,0.64 GB,01/18/12
Doom 3 BFG Edition,7.56 GB,10/16/12
Doom ii,0.69 GB,05/24/10
Doritos Crash Course,0.82 GB,12/08/10
Dragon Age: Origins – Awakening,1.9 GB,08/10/10
Dragon’S Lair,1.49 GB,05/18/12
Draw A Stickman: Epic,0.43 GB,09/11/15
Duke Nukem 3D: 20Th Anniversary World Tour,1.18 GB,10/11/16
E4,0.62 GB,01/05/10
Ea Sports™ Fifa 17,42.24 GB,09/29/16
Ea Sports™ Fifa 17 Downloadable Demo,8.42 GB,09/13/16
Fighter Within,11.05 GB,11/22/13
Flashback Multiplayer Map Pack,0.13 GB,09/23/08
Forces Of Nature Map Pack,0.39 GB,03/27/12
Forza Horizon 2,39.41 GB,10/02/14
Forza Horizon 2 Presents Fast & Furious,15 GB,03/27/15
Forza Horizon 2: Storm Island,3.07 GB,12/16/14
Forza Horizon 3 Blizzard Mountain,4.38 GB,12/13/16
Forza Horizon 3 Demo,18.49 GB,09/12/16
Forza Motorsport 5,40.31 GB,11/22/13
Frogger,0.54 GB,01/05/10
Frogger® 2,0.59 GB,01/05/10
Fruit Ninja Kinect 2,1.1 GB,03/18/15
Funtown Mahjong,0.89 GB,12/16/09
Galaga Legions,0.6 GB,01/05/10
Garou Mow,0.87 GB,12/04/09
Gears Of War 2,7.02 GB,10/12/10
Gears Of War 3,7.91 GB,03/27/12
Gears Of War 4,116.77 GB,10/10/16
Gears Of War: Ultimate Edition,44.42 GB,08/25/15
Geometry Wars Evolved,0.58 GB,10/03/05
Gin Rummy,0.62 GB,01/06/10
Go! Go! Break Steady,0.76 GB,06/23/10
Golf: Tee It Up!,0.71 GB,02/18/10
Grand Theft Auto V,54.85 GB,11/18/14
Gripshift,0.81 GB,12/11/09
Guardian Heroes (Tm),1.56 GB,04/02/13
Gunstar Heroes,0.52 GB,06/10/09
Halo 3: Odst,8.1 GB,05/30/15
Halo 5: Guardians,97.53 GB,10/27/15
Halo Wars,6.4 GB,10/31/12
Halo Wars: Definitive Edition,9.49 GB,12/20/16
Halo: Spartan Assault,3.07 GB,01/31/14
Halo: The Master Chief Collection,62.74 GB,11/11/14
Happy Wars,1.81 GB,04/24/15
Happy Wars,1.06 GB,12/15/16
Hardwood Backgammon,0.58 GB,10/03/05
Hardwood Hearts,0.6 GB,10/03/05
Hardwood Spades,0.6 GB,10/03/05
Heavy Weapon,0.59 GB,01/17/07
Hexic 2,0.6 GB,08/15/07
Hydro Thunder,1.12 GB,07/08/10
Ikaruga,0.6 GB,04/09/08
Insanely Twisted Shadow Planet,1.13 GB,07/08/11
Interpol,0.89 GB,01/04/10
Jet Set Radio,1.54 GB,09/19/12
Jetpac Refuelled,0.54 GB,03/28/07
Jetpac Refuelled,0.54 GB,10/24/06
Joe Danger Special Edition,2.24 GB,12/14/11
Joust,0.53 GB,10/03/05
Joy Ride Turbo,1.55 GB,05/23/12
Kalimba,2.66 GB,12/17/14
Killer Instinct,43.11 GB,03/29/16
Killer Instinct 2 Classic,0.57 GB,09/23/14
Kinect Sports Rivals,10.88 GB,04/08/14
Kinect Sports Rivals Demo,2.8 GB,04/04/14
Kof2002Um,1.28 GB,11/03/10
Kof98Um,0.87 GB,12/04/09
Lazy Raiders,1 GB,05/31/10
Leliana’S Song,0.48 GB,07/06/10
Lode Runner™,0.61 GB,04/22/09
Lumines Live!,0.56 GB,01/24/07
Mad Tracks,0.62 GB,05/30/07
Mass Effect™: Andromeda,42.19 GB,03/23/17
Medal Of Honor Airborne,6.66 GB,05/27/10
Metal Slug 3,0.59 GB,01/02/08
Military Madness,0.73 GB,09/30/09
Minecraft: Xbox One Edition,1.12 GB,09/05/14
Missile Command,0.57 GB,07/04/07
Monday Night Combat,2 GB,08/09/10
Monkey Island: Se,1.04 GB,07/15/09
Mr. Driller Online,0.55 GB,01/04/10
Mutant Storm Empire,0.56 GB,12/11/09
Mx Nitro,4.96 GB,02/14/17
Mx Vs. Atv Supercross Encore,15.34 GB,07/15/16
Nba 2K14,43.89 GB,11/22/13
Nba 2K17,52.1 GB,09/16/16
Neogeo Battle Coliseum,1.51 GB,06/09/10
Neverwinter,21.49 GB,07/02/15
Omega Five,0.55 GB,01/09/08
One Piece Burning Blood,11.37 GB,06/03/16
One Piece Burning Blood – Demo,1.43 GB,05/12/16
Ori And The Blind Forest,7.6 GB,03/11/15
Overwatch: Origins Edition,17.24 GB,05/24/16
Pac-Man Ce Dx+,0.76 GB,09/25/13
Pac-Man Museum,0.86 GB,02/26/14
Peggle,0.71 GB,03/11/09
Perfect Dark,0.79 GB,03/17/10
Perfect Dark,0.79 GB,03/17/10
Phantasy Star Ii,0.52 GB,06/10/09
Pinball Fx,0.59 GB,04/25/07
Pinball Fx2,0.41 GB,08/14/14
Plants Vs. Zombies Garden Warfare,17.5 GB,02/26/14
Player’S Pack: Black Edition,0.72 GB,06/30/07
Poker Smash,0.65 GB,07/05/10
Pool Nation Fx,2.75 GB,04/01/15
Portal: Still Alive,1.41 GB,06/23/10
Powerstar Golf,4.09 GB,11/22/13
Prey Demo: Opening Hour,12.26 GB,04/27/17
Prison Architect: Xbox One Edition,0.35 GB,07/01/16
Puzzle Quest,0.61 GB,10/10/07
Puzzle Quest Galactrix,0.98 GB,04/09/10
R-Type Dimensions™,0.71 GB,02/04/09
Raam’S Shadow: Pack 2,2.01 GB,12/13/11
Rabbids Invasion : The Interactive Tv Show,14.22 GB,11/20/14
Rare Replay,11.54 GB,08/04/15
Raskulls,0.83 GB,12/29/10
Recore,9.35 GB,09/12/16
Rer2 Episode Four: Metamorphosis,3.82 GB,03/18/15
Rer2 Episode Three: Judgment,3.69 GB,03/11/15
Rer2 Episode Two: Contemplation,4.05 GB,03/04/15
Rer2 Extra Episode: Little Miss,1.81 GB,03/18/15
Rer2 Extra Episode: The Struggle,1.14 GB,03/18/15
Resident Evil 4,10.6 GB,08/30/16
Resident Evil 5,15.95 GB,06/28/16
Resident Evil 7 Biohazard,20.4 GB,01/24/17
Resident Evil 7 Biohazard,20.1 GB,01/23/17
Resident Evil 7 Teaser: Beginning Hour,3.64 GB,12/09/16
Riptide Gp: Renegade,0.49 GB,02/23/17
Riptide Gp2,0.21 GB,04/10/15
Risk,2.79 GB,02/03/15
Roboblitz,0.67 GB,12/10/09
Rock Band 4,10.23 GB,10/06/15
Rocket League®,6.05 GB,02/17/16
Sam&Max Save The World,1.03 GB,01/01/10
Samurai Shodown Ii,0.61 GB,12/03/09
Scrap Metal,0.83 GB,03/05/10
Sega Vintage Collection: Alex Kidd & Co.,0.8 GB,05/23/12
Sega Vintage Collection: Golden Axe,0.87 GB,05/30/12
Sega Vintage Collection: Monster World,0.82 GB,05/23/12
Sega Vintage Collection: Streets Of Rage,0.86 GB,05/30/12
Shadow Complex,1.46 GB,06/22/10
Shadow Complex Remastered,1.76 GB,07/06/16
Shape Up,7.4 GB,11/13/14
Shotest Shogi,0.75 GB,12/22/09
Shred Nebula,0.75 GB,12/22/09
Skylanders Superchargers Portal Owner’S Pack,18.11 GB,09/23/15
Sleeping Dogs™ Definitive Edition,17.83 GB,10/10/14
Small Arms,0.59 GB,12/10/09
Soltrio Solitaire,0.75 GB,12/22/09
Sonic & Knuckles,0.52 GB,06/24/10
Sonic The Hedgehog 2,0.53 GB,09/12/07
Sonic The Hedgehog 3,0.52 GB,06/10/09
Soulcalibur,0.69 GB,07/02/08
Space Giraffe,0.55 GB,08/22/07
Spheroids,0.54 GB,02/10/17
State Of Decay: Year-One,3.92 GB,04/28/15
Strania,0.72 GB,03/30/11
Sunset Overdrive,26.06 GB,10/30/14
Syberia,2.08 GB,12/03/14
Tekken 6,7.41 GB,04/26/11
Texas Hold’Em,0.56 GB,12/02/09
The Crew,24.11 GB,12/02/14
The Darkspawn Chronicles,0.36 GB,05/18/10
The Demon Lord Belial,0.44 GB,12/04/12
The Golems Of Amgarrak,0.43 GB,08/10/10
The Maw,0.86 GB,05/24/10
The Orange Box,5.05 GB,01/01/08
Thimbleweed Park,0.92 GB,03/30/17
Threes!,0.34 GB,04/30/15
Ticket To Ride™,0.68 GB,12/18/09
Tiny Troopers Joint Ops,1.99 GB,05/08/16
Titanfall,19.73 GB,03/13/14
Tom Clancy’S Ghost Recon® Wildlands – Standard Edition,47.95 GB,03/07/17
Tomb Raider: Definitive Edition,20.96 GB,01/31/14
Tony Hawk’S® Pro Skater™ 5,9.0 GB,09/29/15
Tower Bloxx Deluxe,0.75 GB,10/21/09
Toy Soldiers,1.31 GB,06/30/10
Trackmania® Turbo,3.95 GB,03/24/16
Transformers™: Devastation,11.4 GB,10/08/15
Triggerheart Exelica,0.62 GB,12/08/09
Tropico 5 – Penultimate Edition,3.13 GB,05/27/16
Warhammer: End Times – Vermintide,19.21 GB,10/04/16
Witch Hunt,0.46 GB,09/14/10
Word Puzzle,0.6 GB,12/16/09
World Ii:Hunting Boss,1.17 GB,07/15/16
World Of Tanks,37.8 GB,07/28/15
Wwe 2K17,46.79 GB,10/11/16
Xbox Fitness,0.45 GB,11/22/13
Zombi,21.35 GB,08/18/15
Zombie Driver Ultimate Edition,1.62 GB,07/01/14
Zoo Tycoon,2.63 GB,11/22/13