Title,Size,date added to alvro,type
,Loading...,,"live,indie,disc"
007 - Agent Under Fire (USA) (v1.00).7z,1.03 GB,2017-05-23 11:05,GAMECUBE USA
007 - Agent Under Fire (USA) (v1.01).7z,1.03 GB,2017-05-23 11:05,GAMECUBE USA
007 - Everything or Nothing (USA).7z,870.91 MB,2017-05-23 11:05,GAMECUBE USA
007 - From Russia with Love (USA).7z,1.11 GB,2017-05-23 11:05,GAMECUBE USA
007 - Nightfire (USA).7z,1.13 GB,2017-05-23 11:05,GAMECUBE USA
1080 Avalanche (USA).7z,827.52 MB,2017-05-23 11:05,GAMECUBE USA
18 Wheeler - American Pro Trucker (USA).7z,1.22 GB,2017-05-23 11:05,GAMECUBE USA
4x4 Evo 2 (USA).7z,1.01 GB,2017-05-23 11:05,GAMECUBE USA
ATV - Quad Power Racing 2 (USA).7z,1.24 GB,2017-05-23 11:05,GAMECUBE USA
Aggressive Inline (USA).7z,1.15 GB,2017-05-23 11:05,GAMECUBE USA
Alien Hominid (USA).7z,1.09 GB,2017-05-23 11:05,GAMECUBE USA
All-Star Baseball 2002 (USA).7z,508.43 MB,2017-05-23 11:05,GAMECUBE USA
All-Star Baseball 2003 featuring Derek Jeter (USA).7z,1.01 GB,2017-05-23 11:05,GAMECUBE USA
All-Star Baseball 2004 featuring Derek Jeter (USA).7z,1.14 GB,2017-05-23 11:05,GAMECUBE USA
Amazing Island (USA).7z,1.06 GB,2017-05-23 11:05,GAMECUBE USA
American Chopper 2 - Full Throttle (USA).7z,1.07 GB,2017-05-23 11:05,GAMECUBE USA
Animal Crossing (USA).7z,1.36 GB,2017-05-23 11:05,GAMECUBE USA
Animaniacs - The Great Edgar Hunt (USA).7z,709.09 MB,2017-05-23 11:05,GAMECUBE USA
"Ant Bully, The (USA) (En,Fr).7z",1.17 GB,2017-05-23 11:05,GAMECUBE USA
Aquaman - Battle for Atlantis (USA).7z,1.16 GB,2017-05-23 11:05,GAMECUBE USA
Army Men - Air Combat - The Elite Missions (USA).7z,1.09 GB,2017-05-23 11:05,GAMECUBE USA
Army Men - RTS (USA).7z,1.18 GB,2017-05-23 11:05,GAMECUBE USA
Army Men - Sarge_-_s War (USA).7z,1.01 GB,2017-05-23 11:05,GAMECUBE USA
Auto Modellista (USA).7z,1.18 GB,2017-05-23 11:05,GAMECUBE USA
Avatar - The Last Airbender (USA).7z,1.16 GB,2017-05-23 11:05,GAMECUBE USA
BMX XXX (USA).7z,1.07 GB,2017-05-23 11:05,GAMECUBE USA
Backyard Baseball (USA).7z,1.06 GB,2017-05-23 11:05,GAMECUBE USA
Backyard Football (USA).7z,839.65 MB,2017-05-23 11:05,GAMECUBE USA
Backyard Sports - Baseball 2007 (USA).7z,1.25 GB,2017-05-23 11:05,GAMECUBE USA
Bad Boys - Miami Takedown (USA).7z,952.89 MB,2017-05-23 11:05,GAMECUBE USA
Baldur_-_s Gate - Dark Alliance (USA).7z,718.17 MB,2017-05-23 11:05,GAMECUBE USA
Baten Kaitos - Eternal Wings and the Lost Ocean (USA) (Disc 1).7z,1.27 GB,2017-05-23 11:05,GAMECUBE USA
Baten Kaitos - Eternal Wings and the Lost Ocean (USA) (Disc 2).7z,1.28 GB,2017-05-23 11:05,GAMECUBE USA
Baten Kaitos Origins (USA) (Disc 1).7z,1.27 GB,2017-05-23 11:05,GAMECUBE USA
Baten Kaitos Origins (USA) (Disc 2).7z,1.28 GB,2017-05-23 11:05,GAMECUBE USA
Batman - Dark Tomorrow (USA).7z,1.21 GB,2017-05-23 11:05,GAMECUBE USA
"Batman - Rise of Sin Tzu (USA) (En,Fr,Es).7z",1018.16 MB,2017-05-23 11:05,GAMECUBE USA
"Batman - Vengeance (USA) (En,Fr,Es).7z",1.17 GB,2017-05-23 11:05,GAMECUBE USA
Batman Begins (USA).7z,862.36 MB,2017-05-23 11:05,GAMECUBE USA
Battalion Wars (USA).7z,1.04 GB,2017-05-23 11:05,GAMECUBE USA
Beach Spikers - Virtua Beach Volleyball (USA).7z,1.27 GB,2017-05-23 11:05,GAMECUBE USA
Beyblade VForce - Super Tournament Battle (USA).7z,1.25 GB,2017-05-23 11:05,GAMECUBE USA
"Beyond Good & Evil (USA) (En,Es).7z",1.01 GB,2017-05-23 11:05,GAMECUBE USA
Big Air Freestyle (USA).7z,1.28 GB,2017-05-23 11:05,GAMECUBE USA
Big Mutha Truckers (USA).7z,971.08 MB,2017-05-23 11:05,GAMECUBE USA
Billy Hatcher and the Giant Egg (USA).7z,1.12 GB,2017-05-23 11:05,GAMECUBE USA
Bionicle (USA).7z,1.22 GB,2017-05-23 11:05,GAMECUBE USA
Bionicle Heroes (USA).7z,1.02 GB,2017-05-23 11:05,GAMECUBE USA
Black & Bruised (USA).7z,1.28 GB,2017-05-23 11:05,GAMECUBE USA
Blood Omen 2 - The Legacy of Kain Series (USA).7z,1.04 GB,2017-05-23 11:05,GAMECUBE USA
BloodRayne (USA).7z,904.90 MB,2017-05-23 11:05,GAMECUBE USA
Bloody Roar - Primal Fury (USA).7z,1.24 GB,2017-05-23 11:05,GAMECUBE USA
Blowout (USA).7z,1.25 GB,2017-05-23 11:05,GAMECUBE USA
Bomberman Generation (USA).7z,1018.06 MB,2017-05-23 11:05,GAMECUBE USA
Bomberman Jetters (USA).7z,1.16 GB,2017-05-23 11:05,GAMECUBE USA
Bratz - Forever Diamondz (USA).7z,850.49 MB,2017-05-23 11:05,GAMECUBE USA
Bratz - Rock Angelz (USA).7z,991.77 MB,2017-05-23 11:05,GAMECUBE USA
Buffy the Vampire Slayer - Chaos Bleeds (USA).7z,1012.87 MB,2017-05-23 11:05,GAMECUBE USA
Burnout (USA).7z,481.64 MB,2017-05-23 11:05,GAMECUBE USA
Burnout 2 - Point of Impact (USA).7z,825.14 MB,2017-05-23 11:05,GAMECUBE USA
Bust-A-Move 3000 (USA).7z,1.25 GB,2017-05-23 11:05,GAMECUBE USA
Cabela_-_s Big Game Hunter 2005 Adventures (USA).7z,1.29 GB,2017-05-23 11:05,GAMECUBE USA
Cabela_-_s Dangerous Hunts 2 (USA).7z,985.43 MB,2017-05-23 11:05,GAMECUBE USA
Cabela_-_s Outdoor Adventures (USA).7z,1.20 GB,2017-05-23 11:05,GAMECUBE USA
Call of Duty - Finest Hour (USA).7z,899.68 MB,2017-05-23 11:05,GAMECUBE USA
Call of Duty 2 - Big Red One (USA).7z,918.30 MB,2017-05-23 11:05,GAMECUBE USA
Capcom vs. SNK 2 EO (USA).7z,1.30 GB,2017-05-23 11:05,GAMECUBE USA
"Carmen Sandiego - The Secret of the Stolen Drums (USA) (En,Fr).7z",820.49 MB,2017-05-23 11:05,GAMECUBE USA
Casper - Spirit Dimensions (USA).7z,1.27 GB,2017-05-23 11:05,GAMECUBE USA
Catwoman (USA).7z,1.13 GB,2017-05-23 11:05,GAMECUBE USA
Cel Damage (USA).7z,1.27 GB,2017-05-23 11:05,GAMECUBE USA
Chaos Field (USA).7z,1.25 GB,2017-05-23 11:05,GAMECUBE USA
Charlie and the Chocolate Factory (USA).7z,1.05 GB,2017-05-23 11:05,GAMECUBE USA
"Charlie_-_s Angels (USA) (En,Fr).7z",1.09 GB,2017-05-23 11:05,GAMECUBE USA
Chibi-Robo! Plug into Adventure! (USA).7z,1.25 GB,2017-05-23 11:05,GAMECUBE USA
"Chronicles of Narnia, The - The Lion, the Witch and the Wardrobe (USA).7z",1.06 GB,2017-05-23 11:05,GAMECUBE USA
City Racer (USA).7z,1.12 GB,2017-05-23 11:05,GAMECUBE USA
Codename - Kids Next Door - Operation - V.I.D.E.O.G.A.M.E. (USA).7z,1.06 GB,2017-05-23 11:05,GAMECUBE USA
Conflict - Desert Storm (USA) (v1.00).7z,927.28 MB,2017-05-23 11:05,GAMECUBE USA
Conflict - Desert Storm (USA) (v1.01).7z,927.29 MB,2017-05-23 11:05,GAMECUBE USA
Conflict - Desert Storm II - Back to Baghdad (USA).7z,1.15 GB,2017-05-23 11:05,GAMECUBE USA
Crash Bandicoot - The Wrath of Cortex (USA).7z,908.69 MB,2017-05-23 11:05,GAMECUBE USA
Crash Nitro Kart (USA).7z,1.21 GB,2017-05-23 11:05,GAMECUBE USA
Crash Tag Team Racing (USA).7z,1.08 GB,2017-05-23 11:05,GAMECUBE USA
Crazy Taxi (USA).7z,1.30 GB,2017-05-23 11:05,GAMECUBE USA
Cubivore (USA).7z,1.31 GB,2017-05-23 11:05,GAMECUBE USA
Cubix Robots for Everyone - Showdown (USA).7z,1.12 GB,2017-05-23 11:05,GAMECUBE USA
Curious George (USA).7z,857.33 MB,2017-05-23 11:05,GAMECUBE USA
Custom Robo (USA).7z,1.10 GB,2017-05-23 11:05,GAMECUBE USA
"Dakar 2 - The World_-_s Ultimate Rally (USA) (En,Fr,De,Es,It).7z",1 GB,2017-05-23 11:05,GAMECUBE USA
Dance Dance Revolution - Mario Mix (USA).7z,1.34 GB,2017-05-23 11:05,GAMECUBE USA
Dark Summit (USA).7z,1.14 GB,2017-05-23 11:05,GAMECUBE USA
Darkened Skye (USA).7z,897.18 MB,2017-05-23 11:05,GAMECUBE USA
Dave Mirra Freestyle BMX 2 (USA).7z,1.14 GB,2017-05-23 11:05,GAMECUBE USA
Dead to Rights (USA).7z,1.20 GB,2017-05-23 11:05,GAMECUBE USA
Def Jam - Fight for NY (USA).7z,941.16 MB,2017-05-23 11:05,GAMECUBE USA
Def Jam - Vendetta (USA).7z,1.16 GB,2017-05-23 11:05,GAMECUBE USA
Defender (USA).7z,1.24 GB,2017-05-23 11:05,GAMECUBE USA
Die Hard - Vendetta (USA).7z,1.09 GB,2017-05-23 11:05,GAMECUBE USA
Digimon Rumble Arena 2 (USA).7z,704.05 MB,2017-05-23 11:05,GAMECUBE USA
Digimon World 4 (USA).7z,639.25 MB,2017-05-23 11:05,GAMECUBE USA
Dinotopia - The Sunstone Odyssey (USA).7z,1.02 GB,2017-05-23 11:05,GAMECUBE USA
Disney Sports - Basketball (USA).7z,1.24 GB,2017-05-23 11:05,GAMECUBE USA
Disney Sports - Football (USA).7z,1.26 GB,2017-05-23 11:05,GAMECUBE USA
Disney Sports - Skateboarding (USA).7z,1.22 GB,2017-05-23 11:05,GAMECUBE USA
Disney Sports - Soccer (USA).7z,1.32 GB,2017-05-23 11:05,GAMECUBE USA
Disney-Pixar Cars (USA).7z,875.92 MB,2017-05-23 11:05,GAMECUBE USA
Disney-Pixar Finding Nemo (USA) (v1.00).7z,1.01 GB,2017-05-23 11:05,GAMECUBE USA
Disney-Pixar Finding Nemo (USA) (v1.01).7z,1.08 GB,2017-05-23 11:05,GAMECUBE USA
"Disney-Pixar Monsters, Inc. - Scream Arena (USA).7z",1.25 GB,2017-05-23 11:05,GAMECUBE USA
Disney-Pixar Ratatouille (USA).7z,1.08 GB,2017-05-23 11:05,GAMECUBE USA
Disney-Pixar The Incredibles (USA).7z,1.17 GB,2017-05-23 11:05,GAMECUBE USA
Disney-Pixar The Incredibles - Rise of the Underminer (USA).7z,1.22 GB,2017-05-23 11:05,GAMECUBE USA
Disney_-_s Chicken Little (USA).7z,1.08 GB,2017-05-23 11:05,GAMECUBE USA
"Disney_-_s Donald Duck - Goin_-_ Quackers (USA) (En,Fr).7z",1.10 GB,2017-05-23 11:05,GAMECUBE USA
Disney_-_s Extreme Skate Adventure (USA).7z,1.21 GB,2017-05-23 11:05,GAMECUBE USA
Disney_-_s Hide & Sneak (USA).7z,1.13 GB,2017-05-23 11:05,GAMECUBE USA
Disney_-_s Magical Mirror Starring Mickey Mouse (USA).7z,1.18 GB,2017-05-23 11:05,GAMECUBE USA
"Disney_-_s PK - Out of the Shadows (USA) (En,Fr,De,It).7z",1.15 GB,2017-05-23 11:05,GAMECUBE USA
Disney_-_s Party (USA).7z,1.18 GB,2017-05-23 11:05,GAMECUBE USA
Disney_-_s Piglet_-_s Big Game (USA).7z,1.09 GB,2017-05-23 11:05,GAMECUBE USA
"Disney_-_s Tarzan - Untamed (USA) (En,Fr).7z",1.24 GB,2017-05-23 11:05,GAMECUBE USA
Disney_-_s The Haunted Mansion (USA).7z,1.18 GB,2017-05-23 11:05,GAMECUBE USA
"Disney_-_s Winnie the Pooh_-_s Rumbly Tumbly Adventure (USA) (En,Fr,Es).7z",1.27 GB,2017-05-23 11:05,GAMECUBE USA
Donkey Kong Jungle Beat (USA).7z,1.17 GB,2017-05-23 11:05,GAMECUBE USA
Donkey Konga (USA).7z,1.35 GB,2017-05-23 11:05,GAMECUBE USA
Donkey Konga 2 (USA).7z,1.31 GB,2017-05-23 11:05,GAMECUBE USA
Dora the Explorer - Journey to the Purple Planet (USA).7z,251.37 MB,2017-05-23 11:05,GAMECUBE USA
Dr. Muto (USA).7z,1.15 GB,2017-05-23 11:05,GAMECUBE USA
Dragon Ball Z - Budokai (USA).7z,748.89 MB,2017-05-23 11:05,GAMECUBE USA
Dragon Ball Z - Budokai 2 (USA).7z,892.59 MB,2017-05-23 11:05,GAMECUBE USA
Dragon Ball Z - Sagas (USA).7z,1.21 GB,2017-05-23 11:05,GAMECUBE USA
Dragon_-_s Lair 3D - Return to the Lair (USA).7z,1.02 GB,2017-05-23 11:05,GAMECUBE USA
DreamWorks & Aardman Flushed Away (USA).7z,380.83 MB,2017-05-23 11:05,GAMECUBE USA
DreamWorks Madagascar (USA).7z,1.18 GB,2017-05-23 11:05,GAMECUBE USA
DreamWorks Over the Hedge (USA).7z,1.08 GB,2017-05-23 11:05,GAMECUBE USA
DreamWorks Shark Tale (USA).7z,1.17 GB,2017-05-23 11:05,GAMECUBE USA
DreamWorks Shrek - Smash n_-_ Crash Racing (USA).7z,1.17 GB,2017-05-23 11:05,GAMECUBE USA
DreamWorks Shrek - SuperSlam (USA).7z,1.24 GB,2017-05-23 11:05,GAMECUBE USA
"Driven (USA) (En,Fr,De,Es,It).7z",993.71 MB,2017-05-23 11:05,GAMECUBE USA
Drome Racers (USA).7z,1.12 GB,2017-05-23 11:05,GAMECUBE USA
ESPN International Winter Sports 2002 (USA).7z,1.09 GB,2017-05-23 11:05,GAMECUBE USA
ESPN MLS ExtraTime 2002 (USA).7z,1.11 GB,2017-05-23 11:05,GAMECUBE USA
"Ed, Edd n Eddy - The Mis-Edventures (USA).7z",1.22 GB,2017-05-23 11:05,GAMECUBE USA
Egg Mania - Eggstreme Madness (USA).7z,1.27 GB,2017-05-23 11:05,GAMECUBE USA
Enter the Matrix (USA) (Disc 1).7z,1.12 GB,2017-05-23 11:05,GAMECUBE USA
Enter the Matrix (USA) (Disc 2).7z,1.16 GB,2017-05-23 11:05,GAMECUBE USA
Eternal Darkness - Sanity_-_s Requiem (USA).7z,1.11 GB,2017-05-23 11:05,GAMECUBE USA
Evolution Skateboarding (USA).7z,1.23 GB,2017-05-23 11:05,GAMECUBE USA
Evolution Snowboarding (USA).7z,1.09 GB,2017-05-23 11:05,GAMECUBE USA
Evolution Worlds (USA).7z,1015.29 MB,2017-05-23 11:05,GAMECUBE USA
F-Zero GX (USA).7z,1.15 GB,2017-05-23 11:05,GAMECUBE USA
"F1 2002 (USA) (En,Fr,De,It).7z",1.26 GB,2017-05-23 11:05,GAMECUBE USA
FIFA Soccer 06 (USA).7z,1.01 GB,2017-05-23 11:05,GAMECUBE USA
"FIFA Soccer 07 (USA) (En,Es).7z",1.02 GB,2017-05-23 11:05,GAMECUBE USA
FIFA Soccer 2002 (USA).7z,1.01 GB,2017-05-23 11:05,GAMECUBE USA
FIFA Soccer 2003 (USA).7z,807.98 MB,2017-05-23 11:05,GAMECUBE USA
FIFA Soccer 2004 (USA).7z,802.58 MB,2017-05-23 11:05,GAMECUBE USA
"FIFA Soccer 2005 (USA) (En,Es).7z",964.89 MB,2017-05-23 11:05,GAMECUBE USA
"FIFA Street (USA) (En,Es).7z",1.20 GB,2017-05-23 11:05,GAMECUBE USA
"FIFA Street 2 (USA) (En,Es).7z",1.05 GB,2017-05-23 11:05,GAMECUBE USA
FIFA World Cup Germany 2006 (USA).7z,1.01 GB,2017-05-23 11:05,GAMECUBE USA
"Fairly OddParents, The - Breakin_-_ da Rules (USA).7z",1 GB,2017-05-23 11:05,GAMECUBE USA
"Fairly OddParents, The - Shadow Showdown (USA).7z",698.18 MB,2017-05-23 11:05,GAMECUBE USA
Fantastic 4 (USA).7z,1015.75 MB,2017-05-23 11:05,GAMECUBE USA
Fight Night Round 2 (USA).7z,1.09 GB,2017-05-23 11:05,GAMECUBE USA
Final Fantasy - Crystal Chronicles (USA).7z,684.97 MB,2017-05-23 11:05,GAMECUBE USA
Fire Emblem - Path of Radiance (USA).7z,1 GB,2017-05-23 11:05,GAMECUBE USA
FireBlade (USA).7z,1 GB,2017-05-23 11:05,GAMECUBE USA
Freaky Flyers (USA) (Disc 1).7z,1.20 GB,2017-05-23 11:05,GAMECUBE USA
Freaky Flyers (USA) (Disc 2).7z,1.20 GB,2017-05-23 11:05,GAMECUBE USA
Freedom Fighters (USA).7z,1.06 GB,2017-05-23 11:05,GAMECUBE USA
Freekstyle (USA).7z,1.23 GB,2017-05-23 11:05,GAMECUBE USA
Freestyle Metal X (USA).7z,1.10 GB,2017-05-23 11:05,GAMECUBE USA
Freestyle Street Soccer (USA).7z,1.14 GB,2017-05-23 11:05,GAMECUBE USA
"Frogger - Ancient Shadow (USA) (En,Es).7z",1.27 GB,2017-05-23 11:05,GAMECUBE USA
Frogger Beyond (USA).7z,1.03 GB,2017-05-23 11:05,GAMECUBE USA
Frogger_-_s Adventures - The Rescue (USA).7z,877.33 MB,2017-05-23 11:05,GAMECUBE USA
Future Tactics - The Uprising (USA).7z,1.28 GB,2017-05-23 11:05,GAMECUBE USA
Game Boy Player Start-Up Disc (USA) (v1.02).7z,1.38 GB,2017-05-23 11:05,GAMECUBE USA
Game Boy Player Start-Up Disc (USA) (v1.03).7z,1.36 GB,2017-05-23 11:05,GAMECUBE USA
Gauntlet - Dark Legacy (USA).7z,948.39 MB,2017-05-23 11:05,GAMECUBE USA
Geist (USA).7z,612.35 MB,2017-05-23 11:05,GAMECUBE USA
Gladius (USA).7z,1 GB,2017-05-23 11:05,GAMECUBE USA
Go! Go! Hypergrind (USA).7z,881.12 MB,2017-05-23 11:05,GAMECUBE USA
Goblin Commander - Unleash the Horde (USA).7z,969.88 MB,2017-05-23 11:05,GAMECUBE USA
Godzilla - Destroy All Monsters Melee (USA).7z,1.01 GB,2017-05-23 11:05,GAMECUBE USA
GoldenEye - Rogue Agent (USA) (Disc 1).7z,967.88 MB,2017-05-23 11:05,GAMECUBE USA
GoldenEye - Rogue Agent (USA) (Disc 2).7z,831.22 MB,2017-05-23 11:05,GAMECUBE USA
Gotcha Force (USA).7z,986.86 MB,2017-05-23 11:05,GAMECUBE USA
"Grim Adventures of Billy & Mandy, The (USA).7z",1.19 GB,2017-05-23 11:05,GAMECUBE USA
Grooverider - Slot Car Thunder (USA).7z,1.22 GB,2017-05-23 11:05,GAMECUBE USA
Gun (USA).7z,1006.94 MB,2017-05-23 11:05,GAMECUBE USA
"Happy Feet (USA) (En,Fr).7z",1.15 GB,2017-05-23 11:05,GAMECUBE USA
"Harry Potter - Quidditch World Cup (USA) (En,Fr,Es).7z",1.17 GB,2017-05-23 11:05,GAMECUBE USA
Harry Potter and the Chamber of Secrets (USA).7z,821.26 MB,2017-05-23 11:05,GAMECUBE USA
Harry Potter and the Goblet of Fire (USA).7z,878.17 MB,2017-05-23 11:05,GAMECUBE USA
Harry Potter and the Prisoner of Azkaban (USA).7z,728.33 MB,2017-05-23 11:05,GAMECUBE USA
"Harry Potter and the Sorcerer_-_s Stone (USA) (En,Es).7z",870.65 MB,2017-05-23 11:05,GAMECUBE USA
Harvest Moon - A Wonderful Life (USA).7z,1.06 GB,2017-05-23 11:05,GAMECUBE USA
Harvest Moon - Another Wonderful Life (USA).7z,1 GB,2017-05-23 11:05,GAMECUBE USA
Harvest Moon - Magical Melody (USA).7z,1.24 GB,2017-05-23 11:05,GAMECUBE USA
Hello Kitty - Roller Rescue (USA).7z,896.77 MB,2017-05-23 11:05,GAMECUBE USA
Hitman 2 - Silent Assassin (USA).7z,1.21 GB,2017-05-23 11:05,GAMECUBE USA
"Hobbit, The - The Prelude to the Lord of the Rings (USA).7z",1 GB,2017-05-23 11:05,GAMECUBE USA
Home Run King (USA).7z,1011.06 MB,2017-05-23 11:05,GAMECUBE USA
Hot Wheels - Velocity X (USA).7z,932.67 MB,2017-05-23 11:05,GAMECUBE USA
Hot Wheels - World Race (USA).7z,1.32 GB,2017-05-23 11:05,GAMECUBE USA
Hulk (USA).7z,1019.84 MB,2017-05-23 11:05,GAMECUBE USA
Hunter - The Reckoning (USA).7z,774.97 MB,2017-05-23 11:05,GAMECUBE USA
I-Ninja (USA).7z,1.18 GB,2017-05-23 11:05,GAMECUBE USA
Ice Age 2 - The Meltdown (USA).7z,1.14 GB,2017-05-23 11:05,GAMECUBE USA
Ikaruga (USA).7z,1.29 GB,2017-05-23 11:05,GAMECUBE USA
"Incredible Hulk, The - Ultimate Destruction (USA).7z",1.06 GB,2017-05-23 11:05,GAMECUBE USA
Intellivision Lives! (USA).7z,998.20 MB,2017-05-23 11:05,GAMECUBE USA
Interactive Multi-Game Demo Disc - August 2002 (USA).7z,899.03 MB,2017-05-23 11:05,GAMECUBE USA
Interactive Multi-Game Demo Disc - January 2002 (USA).7z,948.80 MB,2017-05-23 11:05,GAMECUBE USA
Interactive Multi-Game Demo Disc - July 2002 (USA).7z,884.64 MB,2017-05-23 11:05,GAMECUBE USA
Interactive Multi-Game Demo Disc - June 2002 (USA).7z,1.18 GB,2017-05-23 11:05,GAMECUBE USA
Interactive Multi-Game Demo Disc - March 2002 (USA).7z,1.04 GB,2017-05-23 11:05,GAMECUBE USA
Interactive Multi-Game Demo Disc - October 2001 (USA).7z,1.06 GB,2017-05-23 11:05,GAMECUBE USA
Interactive Multi-Game Demo Disc Version 10 (USA).7z,1.01 GB,2017-05-23 11:05,GAMECUBE USA
Interactive Multi-Game Demo Disc Version 11 (USA).7z,1.05 GB,2017-05-23 11:05,GAMECUBE USA
Interactive Multi-Game Demo Disc Version 12 (USA).7z,1.03 GB,2017-05-23 11:05,GAMECUBE USA
Interactive Multi-Game Demo Disc Version 13 (USA).7z,1.05 GB,2017-05-23 11:05,GAMECUBE USA
Interactive Multi-Game Demo Disc Version 14 (USA).7z,1.11 GB,2017-05-23 11:05,GAMECUBE USA
Interactive Multi-Game Demo Disc Version 15 (USA).7z,1.11 GB,2017-05-23 11:05,GAMECUBE USA
Interactive Multi-Game Demo Disc Version 16 (USA).7z,1.14 GB,2017-05-23 11:05,GAMECUBE USA
Interactive Multi-Game Demo Disc Version 17 (USA).7z,858 MB,2017-05-23 11:05,GAMECUBE USA
Interactive Multi-Game Demo Disc Version 18 (USA).7z,830.59 MB,2017-05-23 11:05,GAMECUBE USA
Interactive Multi-Game Demo Disc Version 19 (USA).7z,989.95 MB,2017-05-23 11:05,GAMECUBE USA
Interactive Multi-Game Demo Disc Version 20 (USA).7z,1011.33 MB,2017-05-23 11:05,GAMECUBE USA
Interactive Multi-Game Demo Disc Version 21 (USA).7z,1.02 GB,2017-05-23 11:05,GAMECUBE USA
Interactive Multi-Game Demo Disc Version 22 (USA).7z,1.02 GB,2017-05-23 11:05,GAMECUBE USA
Interactive Multi-Game Demo Disc Version 23 (USA).7z,1.10 GB,2017-05-23 11:05,GAMECUBE USA
Interactive Multi-Game Demo Disc Version 24 (USA).7z,1.04 GB,2017-05-23 11:05,GAMECUBE USA
Interactive Multi-Game Demo Disc Version 25 (USA).7z,1.07 GB,2017-05-23 11:05,GAMECUBE USA
Interactive Multi-Game Demo Disc Version 26 (USA).7z,1.05 GB,2017-05-23 11:05,GAMECUBE USA
Interactive Multi-Game Demo Disc Version 27 (USA).7z,1.12 GB,2017-05-23 11:05,GAMECUBE USA
Interactive Multi-Game Demo Disc Version 28 (USA).7z,1.06 GB,2017-05-23 11:05,GAMECUBE USA
Interactive Multi-Game Demo Disc Version 29 (USA).7z,956.26 MB,2017-05-23 11:05,GAMECUBE USA
Interactive Multi-Game Demo Disc Version 30 (USA).7z,897.30 MB,2017-05-23 11:05,GAMECUBE USA
Interactive Multi-Game Demo Disc Version 31 (USA).7z,1.07 GB,2017-05-23 11:05,GAMECUBE USA
Interactive Multi-Game Demo Disc Version 32 (USA).7z,1.05 GB,2017-05-23 11:05,GAMECUBE USA
Interactive Multi-Game Demo Disc Version 33 (USA).7z,996.50 MB,2017-05-23 11:05,GAMECUBE USA
Interactive Multi-Game Demo Disc Version 34 (USA).7z,1.04 GB,2017-05-23 11:05,GAMECUBE USA
Interactive Multi-Game Demo Disc Version 35 (USA).7z,1.08 GB,2017-05-23 11:05,GAMECUBE USA
Interactive Multi-Game Demo Disc Version 7 (USA).7z,1013.74 MB,2017-05-23 11:05,GAMECUBE USA
Interactive Multi-Game Demo Disc Version 8 (USA).7z,1 GB,2017-05-23 11:05,GAMECUBE USA
Interactive Multi-Game Demo Disc Version 9 (USA).7z,986.53 MB,2017-05-23 11:05,GAMECUBE USA
"Italian Job, The (USA).7z",1.32 GB,2017-05-23 11:05,GAMECUBE USA
Jeremy McGrath Supercross World (USA).7z,1.14 GB,2017-05-23 11:05,GAMECUBE USA
Judge Dredd - Dredd vs. Death (USA).7z,1018.55 MB,2017-05-23 11:05,GAMECUBE USA
Kao the Kangaroo - Round 2 (USA).7z,203.14 MB,2017-05-23 11:05,GAMECUBE USA
Karaoke Revolution Party (USA).7z,1.26 GB,2017-05-23 11:05,GAMECUBE USA
Kelly Slater_-_s Pro Surfer (USA).7z,1.15 GB,2017-05-23 11:05,GAMECUBE USA
Killer 7 (USA) (Disc 1).7z,985.57 MB,2017-05-23 11:05,GAMECUBE USA
Killer 7 (USA) (Disc 2).7z,1.04 GB,2017-05-23 11:05,GAMECUBE USA
King Arthur (USA).7z,1 GB,2017-05-23 11:05,GAMECUBE USA
Kirby Air Ride (USA).7z,1.27 GB,2017-05-23 11:05,GAMECUBE USA
Knockout Kings 2003 (USA).7z,1.16 GB,2017-05-23 11:05,GAMECUBE USA
LEGO Star Wars - The Video Game (USA).7z,916.63 MB,2017-05-23 11:05,GAMECUBE USA
LEGO Star Wars II - The Original Trilogy (USA).7z,942.61 MB,2017-05-23 11:05,GAMECUBE USA
Lara Croft Tomb Raider - Legend (USA).7z,1.23 GB,2017-05-23 11:05,GAMECUBE USA
"Legend of Spyro, The - A New Beginning (USA).7z",1.09 GB,2017-05-23 11:05,GAMECUBE USA
"Legend of Zelda, The - Collector_-_s Edition (USA).7z",885.25 MB,2017-05-23 11:05,GAMECUBE USA
"Legend of Zelda, The - Four Swords Adventures (USA).7z",1.28 GB,2017-05-23 11:05,GAMECUBE USA
"Legend of Zelda, The - Ocarina of Time & Master Quest (USA).7z",1.07 GB,2017-05-23 11:05,GAMECUBE USA
"Legend of Zelda, The - The Wind Waker (USA).7z",1.06 GB,2017-05-23 11:05,GAMECUBE USA
"Legend of Zelda, The - Twilight Princess (USA).7z",1.08 GB,2017-05-23 11:05,GAMECUBE USA
Legends of Wrestling (USA).7z,1.13 GB,2017-05-23 11:05,GAMECUBE USA
Legends of Wrestling II (USA).7z,1.07 GB,2017-05-23 11:05,GAMECUBE USA
Lemony Snicket_-_s A Series of Unfortunate Events (USA).7z,1.02 GB,2017-05-23 11:05,GAMECUBE USA
Looney Tunes - Back in Action (USA).7z,942.47 MB,2017-05-23 11:05,GAMECUBE USA
"Lord of the Rings, The - The Return of the King (USA).7z",1.18 GB,2017-05-23 11:05,GAMECUBE USA
"Lord of the Rings, The - The Third Age (USA) (Disc 1).7z",1.18 GB,2017-05-23 11:05,GAMECUBE USA
"Lord of the Rings, The - The Third Age (USA) (Disc 2).7z",1.15 GB,2017-05-23 11:05,GAMECUBE USA
"Lord of the Rings, The - The Two Towers (USA).7z",1.08 GB,2017-05-23 11:05,GAMECUBE USA
Lost Kingdoms (USA).7z,1.18 GB,2017-05-23 11:05,GAMECUBE USA
Lost Kingdoms II (USA).7z,959.77 MB,2017-05-23 11:05,GAMECUBE USA
Lotus Challenge (USA).7z,958.37 MB,2017-05-23 11:05,GAMECUBE USA
Luigi_-_s Mansion (USA).7z,1.30 GB,2017-05-23 11:05,GAMECUBE USA
MC Groovz Dance Craze (USA).7z,1.23 GB,2017-05-23 11:05,GAMECUBE USA
MLB SlugFest 2003 (USA).7z,1022.63 MB,2017-05-23 11:05,GAMECUBE USA
MLB SlugFest 2004 (USA).7z,1.11 GB,2017-05-23 11:05,GAMECUBE USA
MVP Baseball 2004 (USA).7z,1.01 GB,2017-05-23 11:05,GAMECUBE USA
MVP Baseball 2005 (USA).7z,925.13 MB,2017-05-23 11:05,GAMECUBE USA
MX SuperFly (USA).7z,859.37 MB,2017-05-23 11:05,GAMECUBE USA
Madden NFL 06 (USA).7z,1002.30 MB,2017-05-23 11:05,GAMECUBE USA
Madden NFL 07 (USA).7z,1013.24 MB,2017-05-23 11:05,GAMECUBE USA
Madden NFL 08 (USA).7z,1004.52 MB,2017-05-23 11:05,GAMECUBE USA
Madden NFL 2002 (USA).7z,1.21 GB,2017-05-23 11:05,GAMECUBE USA
Madden NFL 2003 (USA).7z,1.04 GB,2017-05-23 11:05,GAMECUBE USA
Madden NFL 2004 (USA) (v1.00).7z,1.01 GB,2017-05-23 11:05,GAMECUBE USA
Madden NFL 2004 (USA) (v1.01).7z,1.01 GB,2017-05-23 11:05,GAMECUBE USA
Madden NFL 2005 (USA).7z,1.01 GB,2017-05-23 11:05,GAMECUBE USA
Major League Baseball 2K6 (USA).7z,1.14 GB,2017-05-23 11:05,GAMECUBE USA
Mario Golf - Toadstool Tour (USA).7z,1.04 GB,2017-05-23 11:05,GAMECUBE USA
Mario Kart - Double Dash!! (USA) (Bonus Disc).7z,1.08 GB,2017-05-23 11:05,GAMECUBE USA
Mario Kart - Double Dash!! (USA).7z,1.24 GB,2017-05-23 11:05,GAMECUBE USA
Mario Party 4 (USA) (v1.00).7z,1.16 GB,2017-05-23 11:05,GAMECUBE USA
Mario Party 4 (USA) (v1.01).7z,1.16 GB,2017-05-23 11:05,GAMECUBE USA
Mario Party 5 (USA).7z,1.13 GB,2017-05-23 11:05,GAMECUBE USA
Mario Party 6 (USA).7z,1.15 GB,2017-05-23 11:05,GAMECUBE USA
Mario Party 7 (USA).7z,1.21 GB,2017-05-23 11:05,GAMECUBE USA
Mario Power Tennis (USA) (v1.00).7z,1.28 GB,2017-05-23 11:05,GAMECUBE USA
Mario Power Tennis (USA) (v1.01).7z,1.28 GB,2017-05-23 11:05,GAMECUBE USA
Mario Superstar Baseball (USA).7z,1.24 GB,2017-05-23 11:05,GAMECUBE USA
Mark Davis Pro Bass Challenge (USA).7z,1.34 GB,2017-05-23 11:05,GAMECUBE USA
Marvel Nemesis - Rise of the Imperfects (USA).7z,870.58 MB,2017-05-23 11:05,GAMECUBE USA
Mary-Kate and Ashley - Sweet 16 - Licensed to Drive (USA).7z,1.12 GB,2017-05-23 11:05,GAMECUBE USA
Mat Hoffman_-_s Pro BMX 2 (USA).7z,1.22 GB,2017-05-23 11:05,GAMECUBE USA
Medabots Infinity (USA) (v1.00).7z,1.19 GB,2017-05-23 11:05,GAMECUBE USA
Medabots Infinity (USA) (v1.01).7z,1.19 GB,2017-05-23 11:05,GAMECUBE USA
Medal of Honor - Frontline (USA).7z,683.63 MB,2017-05-23 11:05,GAMECUBE USA
Medal of Honor - Rising Sun (USA) (Disc 1).7z,879.43 MB,2017-05-23 11:05,GAMECUBE USA
Medal of Honor - Rising Sun (USA) (Disc 2).7z,910.01 MB,2017-05-23 11:05,GAMECUBE USA
Mega Man - Network Transmission (USA).7z,1.22 GB,2017-05-23 11:05,GAMECUBE USA
Mega Man Anniversary Collection (USA).7z,1.16 GB,2017-05-23 11:05,GAMECUBE USA
Mega Man X - Command Mission (USA).7z,707.59 MB,2017-05-23 11:05,GAMECUBE USA
Mega Man X Collection (USA).7z,1.18 GB,2017-05-23 11:05,GAMECUBE USA
Men in Black II - Alien Escape (USA).7z,790.22 MB,2017-05-23 11:05,GAMECUBE USA
Metal Arms - Glitch in the System (USA).7z,1.11 GB,2017-05-23 11:05,GAMECUBE USA
Metal Gear Solid - The Twin Snakes (USA) (Disc 1).7z,1.22 GB,2017-05-23 11:05,GAMECUBE USA
Metal Gear Solid - The Twin Snakes (USA) (Disc 2).7z,1.21 GB,2017-05-23 11:05,GAMECUBE USA
Metroid Prime (USA) (v1.00).7z,1.03 GB,2017-05-23 11:05,GAMECUBE USA
Metroid Prime (USA) (v1.02).7z,1.03 GB,2017-05-23 11:05,GAMECUBE USA
Metroid Prime 2 - Echoes (USA) (Bonus Disc).7z,1013.40 MB,2017-05-23 11:05,GAMECUBE USA
Metroid Prime 2 - Echoes (USA).7z,1.05 GB,2017-05-23 11:05,GAMECUBE USA
Midway Arcade Treasures (USA).7z,1.07 GB,2017-05-23 11:05,GAMECUBE USA
Midway Arcade Treasures 2 (USA).7z,1.09 GB,2017-05-23 11:05,GAMECUBE USA
Midway Arcade Treasures 3 (USA).7z,973.16 MB,2017-05-23 11:05,GAMECUBE USA
Minority Report - Everybody Runs (USA).7z,1.12 GB,2017-05-23 11:05,GAMECUBE USA
Mission - Impossible - Operation Surma (USA).7z,1.04 GB,2017-05-23 11:05,GAMECUBE USA
Monopoly Party (USA).7z,1.12 GB,2017-05-23 11:05,GAMECUBE USA
Monster 4x4 - Masters of Metal (USA).7z,1 GB,2017-05-23 11:05,GAMECUBE USA
"Monster House (USA) (En,Fr).7z",1.14 GB,2017-05-23 11:05,GAMECUBE USA
Monster Jam - Maximum Destruction (USA).7z,1.21 GB,2017-05-23 11:05,GAMECUBE USA
Mortal Kombat - Deadly Alliance (USA).7z,1.04 GB,2017-05-23 11:05,GAMECUBE USA
Mortal Kombat - Deception (USA).7z,946.49 MB,2017-05-23 11:05,GAMECUBE USA
Muppets - Party Cruise (USA).7z,1.03 GB,2017-05-23 11:05,GAMECUBE USA
Mystic Heroes (USA).7z,1.15 GB,2017-05-23 11:05,GAMECUBE USA
NASCAR - Dirt to Daytona (USA).7z,913.50 MB,2017-05-23 11:05,GAMECUBE USA
NASCAR 2005 - Chase for the Cup (USA).7z,1.05 GB,2017-05-23 11:05,GAMECUBE USA
NASCAR Thunder 2003 (USA).7z,1.12 GB,2017-05-23 11:05,GAMECUBE USA
NBA 2K2 (USA).7z,963.54 MB,2017-05-23 11:05,GAMECUBE USA
NBA 2K3 (USA).7z,1.20 GB,2017-05-23 11:05,GAMECUBE USA
NBA Courtside 2002 (USA).7z,989.05 MB,2017-05-23 11:05,GAMECUBE USA
NBA Live 06 (USA).7z,928.17 MB,2017-05-23 11:05,GAMECUBE USA
NBA Live 2003 (USA).7z,1.14 GB,2017-05-23 11:05,GAMECUBE USA
NBA Live 2004 (USA).7z,987.78 MB,2017-05-23 11:05,GAMECUBE USA
NBA Live 2005 (USA).7z,1008.81 MB,2017-05-23 11:05,GAMECUBE USA
NBA Street (USA).7z,1.22 GB,2017-05-23 11:05,GAMECUBE USA
NBA Street V3 (USA).7z,1.11 GB,2017-05-23 11:05,GAMECUBE USA
NBA Street Vol. 2 (USA).7z,936.71 MB,2017-05-23 11:05,GAMECUBE USA
NCAA College Basketball 2K3 (USA).7z,1.03 GB,2017-05-23 11:05,GAMECUBE USA
NCAA College Football 2K3 (USA).7z,771.75 MB,2017-05-23 11:05,GAMECUBE USA
NCAA Football 2003 (USA).7z,1.07 GB,2017-05-23 11:05,GAMECUBE USA
NCAA Football 2004 (USA).7z,1.10 GB,2017-05-23 11:05,GAMECUBE USA
NCAA Football 2005 (USA).7z,1.08 GB,2017-05-23 11:05,GAMECUBE USA
NFL 2K3 (USA).7z,830.39 MB,2017-05-23 11:05,GAMECUBE USA
NFL Blitz 2002 (USA).7z,1.04 GB,2017-05-23 11:05,GAMECUBE USA
NFL Blitz 2003 (USA).7z,1.02 GB,2017-05-23 11:05,GAMECUBE USA
NFL Blitz Pro (USA).7z,1.06 GB,2017-05-23 11:05,GAMECUBE USA
NFL QB Club 2002 (USA).7z,370.89 MB,2017-05-23 11:05,GAMECUBE USA
NFL Street (USA).7z,1.03 GB,2017-05-23 11:05,GAMECUBE USA
NFL Street 2 (USA).7z,751.35 MB,2017-05-23 11:05,GAMECUBE USA
"NHL 06 (USA) (En,Fr).7z",1.07 GB,2017-05-23 11:05,GAMECUBE USA
NHL 2003 (USA).7z,1.15 GB,2017-05-23 11:05,GAMECUBE USA
NHL 2004 (USA).7z,1.14 GB,2017-05-23 11:05,GAMECUBE USA
"NHL 2005 (USA) (En,Fr).7z",1.10 GB,2017-05-23 11:05,GAMECUBE USA
NHL 2K3 (USA).7z,1.12 GB,2017-05-23 11:05,GAMECUBE USA
NHL Hitz 2002 (USA).7z,1.15 GB,2017-05-23 11:05,GAMECUBE USA
NHL Hitz 2003 (USA).7z,1.04 GB,2017-05-23 11:05,GAMECUBE USA
NHL Hitz Pro (USA).7z,1015.23 MB,2017-05-23 11:05,GAMECUBE USA
Namco Museum (USA).7z,1.17 GB,2017-05-23 11:05,GAMECUBE USA
Namco Museum 50th Anniversary (USA).7z,1.28 GB,2017-05-23 11:05,GAMECUBE USA
Naruto - Clash of Ninja (USA).7z,1.29 GB,2017-05-23 11:05,GAMECUBE USA
Naruto - Clash of Ninja 2 (USA) (Demo).7z,1.23 GB,2017-05-23 11:05,GAMECUBE USA
Naruto - Clash of Ninja 2 (USA).7z,1.23 GB,2017-05-23 11:05,GAMECUBE USA
Need for Speed - Carbon (USA).7z,987.22 MB,2017-05-23 11:05,GAMECUBE USA
Need for Speed - Hot Pursuit 2 (USA).7z,1.07 GB,2017-05-23 11:05,GAMECUBE USA
Need for Speed - Most Wanted (USA).7z,1010.85 MB,2017-05-23 11:05,GAMECUBE USA
Need for Speed - Underground (USA).7z,1.02 GB,2017-05-23 11:05,GAMECUBE USA
Need for Speed - Underground 2 (USA).7z,981.63 MB,2017-05-23 11:05,GAMECUBE USA
Nickelodeon Barnyard (USA).7z,1.12 GB,2017-05-23 11:05,GAMECUBE USA
Nickelodeon Jimmy Neutron - Boy Genius (USA).7z,1.16 GB,2017-05-23 11:05,GAMECUBE USA
Nickelodeon Jimmy Neutron - Boy Genius - Attack of the Twonkies (USA).7z,1.04 GB,2017-05-23 11:05,GAMECUBE USA
Nickelodeon Party Blast (USA).7z,884.13 MB,2017-05-23 11:05,GAMECUBE USA
Nickelodeon Rocket Power - Beach Bandits (USA).7z,1.13 GB,2017-05-23 11:05,GAMECUBE USA
Nickelodeon Rugrats - Royal Ransom (USA).7z,650.77 MB,2017-05-23 11:05,GAMECUBE USA
Nickelodeon SpongeBob SquarePants - Creature from the Krusty Krab (USA).7z,621.01 MB,2017-05-23 11:05,GAMECUBE USA
"Nickelodeon SpongeBob SquarePants - Lights, Camera, Pants! (USA).7z",790.76 MB,2017-05-23 11:05,GAMECUBE USA
Nickelodeon SpongeBob SquarePants - Revenge of the Flying Dutchman (USA).7z,1.20 GB,2017-05-23 11:05,GAMECUBE USA
Nickelodeon SpongeBob SquarePants - The Movie (USA).7z,1.16 GB,2017-05-23 11:05,GAMECUBE USA
Nickelodeon SpongeBob SquarePants in - Battle for Bikini Bottom (USA).7z,882.47 MB,2017-05-23 11:05,GAMECUBE USA
Nickelodeon Tak - The Great Juju Challenge (USA).7z,1.05 GB,2017-05-23 11:05,GAMECUBE USA
Nickelodeon Tak 2 - The Staff of Dreams (USA).7z,1020.56 MB,2017-05-23 11:05,GAMECUBE USA
Nickelodeon The Adventures of Jimmy Neutron - Boy Genius - Jet Fusion (USA).7z,856.82 MB,2017-05-23 11:05,GAMECUBE USA
Nicktoons - Battle for Volcano Island (USA).7z,1.24 GB,2017-05-23 11:05,GAMECUBE USA
Nicktoons Unite! (USA).7z,1.27 GB,2017-05-23 11:05,GAMECUBE USA
Nintendo GameCube Preview Disc - May 2003 (USA).7z,1.09 GB,2017-05-23 11:05,GAMECUBE USA
Nintendo GameCube Service Disc Version 1.0-03 (USA).7z,1.26 GB,2017-05-23 11:05,GAMECUBE USA
Odama (USA).7z,1.30 GB,2017-05-23 11:05,GAMECUBE USA
"Open Season (USA) (En,Fr,Es).7z",917.65 MB,2017-05-23 11:05,GAMECUBE USA
Outlaw Golf (USA).7z,1.19 GB,2017-05-23 11:05,GAMECUBE USA
P.N. 03 (USA).7z,1.08 GB,2017-05-23 11:05,GAMECUBE USA
Pac-Man Fever (USA).7z,1.19 GB,2017-05-23 11:05,GAMECUBE USA
Pac-Man Vs. (USA).7z,1.37 GB,2017-05-23 11:05,GAMECUBE USA
Pac-Man World 2 (USA).7z,1.21 GB,2017-05-23 11:05,GAMECUBE USA
Pac-Man World 3 (USA).7z,882.49 MB,2017-05-23 11:05,GAMECUBE USA
Pac-Man World Rally (USA).7z,1.15 GB,2017-05-23 11:05,GAMECUBE USA
Paper Mario - The Thousand-Year Door (USA).7z,1.08 GB,2017-05-23 11:05,GAMECUBE USA
"Peter Jackson_-_s King Kong - The Official Game of the Movie (USA) (En,Fr,Es).7z",1.01 GB,2017-05-23 11:05,GAMECUBE USA
"Phantasy Star Online Episode I & II (USA) (En,Ja,Fr,De,Es) (v1.00).7z",927.52 MB,2017-05-23 11:05,GAMECUBE USA
"Phantasy Star Online Episode I & II (USA) (En,Ja,Fr,De,Es) (v1.01).7z",927.85 MB,2017-05-23 11:05,GAMECUBE USA
"Phantasy Star Online Episode I & II Plus (USA) (En,Ja,Fr,De,Es).7z",923.39 MB,2017-05-23 11:05,GAMECUBE USA
"Phantasy Star Online Episode III - C.A.R.D. Revolution (USA) (En,Ja).7z",1.05 GB,2017-05-23 11:05,GAMECUBE USA
Pikmin (USA) (v1.00).7z,1.23 GB,2017-05-23 11:05,GAMECUBE USA
Pikmin (USA) (v1.01).7z,1.23 GB,2017-05-23 11:05,GAMECUBE USA
Pikmin 2 (USA).7z,1.12 GB,2017-05-23 11:05,GAMECUBE USA
Pinball Hall of Fame - The Gottlieb Collection (USA).7z,1.26 GB,2017-05-23 11:05,GAMECUBE USA
Pitfall - The Lost Expedition (USA).7z,1.12 GB,2017-05-23 11:05,GAMECUBE USA
Pokemon Box - Ruby & Sapphire (USA).7z,1.31 GB,2017-05-23 11:05,GAMECUBE USA
Pokemon Channel (USA).7z,1.20 GB,2017-05-23 11:05,GAMECUBE USA
Pokemon Colosseum (USA) (Bonus Disc).7z,1.29 GB,2017-05-23 11:05,GAMECUBE USA
Pokemon Colosseum (USA).7z,1.17 GB,2017-05-23 11:05,GAMECUBE USA
Pokemon XD - Gale of Darkness (USA).7z,1.05 GB,2017-05-23 11:05,GAMECUBE USA
"Polar Express, The (USA).7z",1.30 GB,2017-05-23 11:05,GAMECUBE USA
Pool Paradise (USA).7z,1.29 GB,2017-05-23 11:05,GAMECUBE USA
Power Rangers - Dino Thunder (USA).7z,1.21 GB,2017-05-23 11:05,GAMECUBE USA
"Powerpuff Girls, The - Relish Rampage - Pickled Edition (USA).7z",1.16 GB,2017-05-23 11:05,GAMECUBE USA
"Prince of Persia - The Sands of Time (USA) (En,Fr,Es) (v1.00).7z",1.17 GB,2017-05-23 11:05,GAMECUBE USA
"Prince of Persia - The Sands of Time (USA) (En,Fr,Es) (v1.01).7z",1.17 GB,2017-05-23 11:05,GAMECUBE USA
"Prince of Persia - The Two Thrones (USA) (En,Fr,Es).7z",1.10 GB,2017-05-23 11:05,GAMECUBE USA
"Prince of Persia - Warrior Within (USA) (En,Fr,Es).7z",1.07 GB,2017-05-23 11:05,GAMECUBE USA
"Pro Rally 2002 (USA) (En,Fr,Es).7z",1005.86 MB,2017-05-23 11:05,GAMECUBE USA
"Puyo Pop Fever (USA) (En,Ja,Fr,De,Es,It).7z",997.30 MB,2017-05-23 11:05,GAMECUBE USA
R-Racing Evolution (USA).7z,1.13 GB,2017-05-23 11:05,GAMECUBE USA
Rally Championship (USA).7z,1.23 GB,2017-05-23 11:05,GAMECUBE USA
Rampage - Total Destruction (USA).7z,1.23 GB,2017-05-23 11:05,GAMECUBE USA
Rave Master (USA).7z,1.09 GB,2017-05-23 11:05,GAMECUBE USA
"Rayman 3 - Hoodlum Havoc (USA) (En,Fr,De,Es,It).7z",969.76 MB,2017-05-23 11:05,GAMECUBE USA
Rayman Arena (USA).7z,675.39 MB,2017-05-23 11:05,GAMECUBE USA
Red Faction II (USA).7z,819.12 MB,2017-05-23 11:05,GAMECUBE USA
RedCard 2003 (USA).7z,1.02 GB,2017-05-23 11:05,GAMECUBE USA
Reign of Fire (USA).7z,653.09 MB,2017-05-23 11:05,GAMECUBE USA
Resident Evil (USA) (Disc 1).7z,869.46 MB,2017-05-23 11:05,GAMECUBE USA
Resident Evil (USA) (Disc 2).7z,831.69 MB,2017-05-23 11:05,GAMECUBE USA
Resident Evil - Code - Veronica X (USA) (Disc 1).7z,874.82 MB,2017-05-23 11:05,GAMECUBE USA
Resident Evil - Code - Veronica X (USA) (Disc 2).7z,986.96 MB,2017-05-23 11:05,GAMECUBE USA
Resident Evil 2 (USA).7z,1.16 GB,2017-05-23 11:05,GAMECUBE USA
Resident Evil 3 - Nemesis (USA).7z,1.17 GB,2017-05-23 11:05,GAMECUBE USA
Resident Evil 4 (USA) (Disc 1).7z,873.52 MB,2017-05-23 11:05,GAMECUBE USA
Resident Evil 4 (USA) (Disc 2).7z,934.13 MB,2017-05-23 11:05,GAMECUBE USA
Resident Evil 4 (USA) (Preview Disc).7z,1.30 GB,2017-05-23 11:05,GAMECUBE USA
Resident Evil Zero (USA) (Disc 1).7z,953.46 MB,2017-05-23 11:05,GAMECUBE USA
Resident Evil Zero (USA) (Disc 2).7z,944.16 MB,2017-05-23 11:05,GAMECUBE USA
"Ribbit King (USA) (En,Es).7z",651.40 MB,2017-05-23 11:05,GAMECUBE USA
Ribbit King Plus! (USA) (Bonus Disc).7z,1.10 GB,2017-05-23 11:05,GAMECUBE USA
Road Trip - The Arcade Edition (USA).7z,1.37 GB,2017-05-23 11:05,GAMECUBE USA
RoadKill (USA).7z,1.23 GB,2017-05-23 11:05,GAMECUBE USA
Robotech - Battlecry (USA).7z,1.09 GB,2017-05-23 11:05,GAMECUBE USA
Robots (USA).7z,1.18 GB,2017-05-23 11:05,GAMECUBE USA
Rocky (USA).7z,1.16 GB,2017-05-23 11:05,GAMECUBE USA
Rogue Ops (USA).7z,1.11 GB,2017-05-23 11:05,GAMECUBE USA
SRS - Street Racing Syndicate (USA).7z,953.05 MB,2017-05-23 11:05,GAMECUBE USA
SSX 3 (USA).7z,1.04 GB,2017-05-23 11:05,GAMECUBE USA
SSX On Tour (USA).7z,1.19 GB,2017-05-23 11:05,GAMECUBE USA
SSX Tricky (USA).7z,1.04 GB,2017-05-23 11:05,GAMECUBE USA
SX Superstar (USA).7z,1.09 GB,2017-05-23 11:05,GAMECUBE USA
Samurai Jack - The Shadow of Aku (USA).7z,1.15 GB,2017-05-23 11:05,GAMECUBE USA
"Scaler (USA) (En,Fr).7z",1.02 GB,2017-05-23 11:05,GAMECUBE USA
Scooby-Doo! Mystery Mayhem (USA).7z,911.35 MB,2017-05-23 11:05,GAMECUBE USA
Scooby-Doo! Night of 100 Frights (USA) (v1.00).7z,1013.28 MB,2017-05-23 11:05,GAMECUBE USA
Scooby-Doo! Night of 100 Frights (USA) (v1.01).7z,1.02 GB,2017-05-23 11:05,GAMECUBE USA
"Scooby-Doo! Unmasked (USA) (En,Fr).7z",992.50 MB,2017-05-23 11:05,GAMECUBE USA
"Scorpion King, The - Rise of the Akkadian (USA).7z",1.08 GB,2017-05-23 11:05,GAMECUBE USA
SeaWorld Adventure Parks - Shamu_-_s Deep Sea Adventures (USA).7z,1.11 GB,2017-05-23 11:05,GAMECUBE USA
Second Sight (USA).7z,907.30 MB,2017-05-23 11:05,GAMECUBE USA
Sega Soccer Slam (USA).7z,1.16 GB,2017-05-23 11:05,GAMECUBE USA
Serious Sam - Next Encounter (USA).7z,1.31 GB,2017-05-23 11:05,GAMECUBE USA
"Shadow The Hedgehog (USA) (En,Ja,Fr,De,Es,It).7z",1.07 GB,2017-05-23 11:05,GAMECUBE USA
Shonen Jump_-_s One Piece - Grand Adventure (USA).7z,1.15 GB,2017-05-23 11:05,GAMECUBE USA
Shonen Jump_-_s One Piece - Grand Battle (USA).7z,1 GB,2017-05-23 11:05,GAMECUBE USA
Shonen Jump_-_s One Piece - Pirates_-_ Carnival (USA).7z,1.16 GB,2017-05-23 11:05,GAMECUBE USA
Shrek 2 (USA).7z,1.07 GB,2017-05-23 11:05,GAMECUBE USA
Shrek Extra Large (USA).7z,1.27 GB,2017-05-23 11:05,GAMECUBE USA
Shrek Super Party (USA).7z,1.24 GB,2017-05-23 11:05,GAMECUBE USA
"Simpsons, The - Hit & Run (USA).7z",1.09 GB,2017-05-23 11:05,GAMECUBE USA
"Simpsons, The - Road Rage (USA).7z",1.14 GB,2017-05-23 11:05,GAMECUBE USA
"Sims 2, The (USA).7z",805.84 MB,2017-05-23 11:05,GAMECUBE USA
"Sims 2, The - Pets (USA).7z",939.82 MB,2017-05-23 11:05,GAMECUBE USA
"Sims, The (USA).7z",1.29 GB,2017-05-23 11:05,GAMECUBE USA
"Sims, The - Bustin_-_ Out (USA).7z",1.04 GB,2017-05-23 11:05,GAMECUBE USA
Skies of Arcadia Legends (USA).7z,909.31 MB,2017-05-23 11:05,GAMECUBE USA
Smashing Drive (USA).7z,1.30 GB,2017-05-23 11:05,GAMECUBE USA
Smuggler_-_s Run - Warzones (USA).7z,1.19 GB,2017-05-23 11:05,GAMECUBE USA
"Sonic Adventure 2 - Battle (USA) (En,Ja,Fr,De,Es).7z",1.03 GB,2017-05-23 11:05,GAMECUBE USA
"Sonic Adventure DX - Director_-_s Cut (USA) (En,Ja,Fr,De,Es).7z",1.03 GB,2017-05-23 11:05,GAMECUBE USA
Sonic Gems Collection (USA).7z,1.12 GB,2017-05-23 11:05,GAMECUBE USA
"Sonic Heroes (USA) (En,Ja,Fr,De,Es,It).7z",1.05 GB,2017-05-23 11:05,GAMECUBE USA
Sonic Mega Collection (USA).7z,1.15 GB,2017-05-23 11:05,GAMECUBE USA
"Sonic Riders (USA) (En,Ja,Fr,De,Es,It).7z",1.06 GB,2017-05-23 11:05,GAMECUBE USA
Soulcalibur II (USA) (Demo).7z,1.33 GB,2017-05-23 11:05,GAMECUBE USA
Soulcalibur II (USA).7z,995.15 MB,2017-05-23 11:05,GAMECUBE USA
Space Raiders (USA).7z,1.26 GB,2017-05-23 11:05,GAMECUBE USA
Spartan - Total Warrior (USA).7z,870.91 MB,2017-05-23 11:05,GAMECUBE USA
Spawn - Armageddon (USA).7z,980.42 MB,2017-05-23 11:05,GAMECUBE USA
Speed Kings (USA).7z,1.11 GB,2017-05-23 11:05,GAMECUBE USA
Sphinx and the Cursed Mummy (USA).7z,1.08 GB,2017-05-23 11:05,GAMECUBE USA
Spider-Man (USA).7z,889.06 MB,2017-05-23 11:05,GAMECUBE USA
Spider-Man 2 (USA).7z,1.06 GB,2017-05-23 11:05,GAMECUBE USA
Spirits & Spells (USA).7z,1.11 GB,2017-05-23 11:05,GAMECUBE USA
SpyHunter (USA).7z,926.37 MB,2017-05-23 11:05,GAMECUBE USA
Spyro - A Hero_-_s Tail (USA).7z,1.09 GB,2017-05-23 11:05,GAMECUBE USA
Spyro - Enter the Dragonfly (USA).7z,895.21 MB,2017-05-23 11:05,GAMECUBE USA
Star Fox - Assault (USA).7z,1.06 GB,2017-05-23 11:05,GAMECUBE USA
Star Fox Adventures (USA) (v1.00).7z,1.03 GB,2017-05-23 11:05,GAMECUBE USA
Star Fox Adventures (USA) (v1.01).7z,1.03 GB,2017-05-23 11:05,GAMECUBE USA
Star Wars - Bounty Hunter (USA).7z,1.09 GB,2017-05-23 11:05,GAMECUBE USA
Star Wars - Jedi Knight II - Jedi Outcast (USA).7z,1.23 GB,2017-05-23 11:05,GAMECUBE USA
Star Wars - Rogue Squadron II - Rogue Leader (USA).7z,1.24 GB,2017-05-23 11:05,GAMECUBE USA
Star Wars - Rogue Squadron III - Rebel Strike (USA).7z,1.13 GB,2017-05-23 11:05,GAMECUBE USA
Star Wars - Rogue Squadron III - Rebel Strike - Limited Edition Preview Disc (USA).7z,1.01 GB,2017-05-23 11:05,GAMECUBE USA
Star Wars - The Clone Wars (USA).7z,1.11 GB,2017-05-23 11:05,GAMECUBE USA
Starsky & Hutch (USA).7z,731.57 MB,2017-05-23 11:05,GAMECUBE USA
Street Hoops (USA).7z,1002 MB,2017-05-23 11:05,GAMECUBE USA
Strike Force Bowling (USA).7z,1.32 GB,2017-05-23 11:05,GAMECUBE USA
"Sum of All Fears, The (USA).7z",1.10 GB,2017-05-23 11:05,GAMECUBE USA
Summoner - A Goddess Reborn (USA).7z,1.01 GB,2017-05-23 11:05,GAMECUBE USA
Super Bubble Pop (USA).7z,1.35 GB,2017-05-23 11:05,GAMECUBE USA
Super Mario Strikers (USA).7z,1.08 GB,2017-05-23 11:05,GAMECUBE USA
Super Mario Sunshine (USA).7z,945.29 MB,2017-05-23 11:05,GAMECUBE USA
Super Monkey Ball (USA).7z,1.14 GB,2017-05-23 11:05,GAMECUBE USA
Super Monkey Ball 2 (USA).7z,911.22 MB,2017-05-23 11:05,GAMECUBE USA
Super Monkey Ball Adventure (USA).7z,954.93 MB,2017-05-23 11:05,GAMECUBE USA
"Super Smash Bros. Melee (USA) (En,Ja) (v1.00).7z",972.94 MB,2017-05-23 11:05,GAMECUBE USA
"Super Smash Bros. Melee (USA) (En,Ja) (v1.01).7z",972.93 MB,2017-05-23 11:05,GAMECUBE USA
"Super Smash Bros. Melee (USA) (En,Ja) (v1.02).7z",972.96 MB,2017-05-23 11:05,GAMECUBE USA
Superman - Shadow of Apokolips (USA).7z,1.04 GB,2017-05-23 11:05,GAMECUBE USA
"Surf_-_s Up (USA) (En,Fr,Es).7z",1.18 GB,2017-05-23 11:05,GAMECUBE USA
Swingerz Golf (USA).7z,858.30 MB,2017-05-23 11:05,GAMECUBE USA
"TMNT (USA) (En,Fr,Es).7z",1.14 GB,2017-05-23 11:05,GAMECUBE USA
TMNT - Mutant Melee (USA).7z,1.09 GB,2017-05-23 11:05,GAMECUBE USA
TY the Tasmanian Tiger (USA).7z,1006.25 MB,2017-05-23 11:05,GAMECUBE USA
TY the Tasmanian Tiger - Night of the Quinkan (USA).7z,979.94 MB,2017-05-23 11:05,GAMECUBE USA
TY the Tasmanian Tiger 2 - Bush Rescue (USA).7z,966.42 MB,2017-05-23 11:05,GAMECUBE USA
Tak and the Power of Juju (USA).7z,1.14 GB,2017-05-23 11:05,GAMECUBE USA
Tales of Symphonia (USA) (Disc 1).7z,997.03 MB,2017-05-23 11:05,GAMECUBE USA
Tales of Symphonia (USA) (Disc 2).7z,998.05 MB,2017-05-23 11:05,GAMECUBE USA
"Taz - Wanted (USA) (En,Fr,De,Es,It).7z",455.60 MB,2017-05-23 11:05,GAMECUBE USA
"Teen Titans (USA) (En,Fr).7z",1018.25 MB,2017-05-23 11:05,GAMECUBE USA
Teenage Mutant Ninja Turtles (USA).7z,924.33 MB,2017-05-23 11:05,GAMECUBE USA
Teenage Mutant Ninja Turtles 2 - Battle Nexus (USA) (Disc 1).7z,986.17 MB,2017-05-23 11:05,GAMECUBE USA
Teenage Mutant Ninja Turtles 2 - Battle Nexus (USA) (Disc 2).7z,1.11 GB,2017-05-23 11:05,GAMECUBE USA
Teenage Mutant Ninja Turtles 3 - Mutant Nightmare (USA) (Disc 1).7z,1.03 GB,2017-05-23 11:05,GAMECUBE USA
Teenage Mutant Ninja Turtles 3 - Mutant Nightmare (USA) (Disc 2).7z,1.03 GB,2017-05-23 11:05,GAMECUBE USA
Terminator 3 - The Redemption (USA).7z,1.04 GB,2017-05-23 11:05,GAMECUBE USA
Tetris Worlds (USA).7z,1.10 GB,2017-05-23 11:05,GAMECUBE USA
Tiger Woods PGA Tour 06 (USA).7z,931.44 MB,2017-05-23 11:05,GAMECUBE USA
Tiger Woods PGA Tour 2003 (USA).7z,684.48 MB,2017-05-23 11:05,GAMECUBE USA
Tiger Woods PGA Tour 2004 (USA) (Disc 1).7z,741.57 MB,2017-05-23 11:05,GAMECUBE USA
Tiger Woods PGA Tour 2004 (USA) (Disc 2).7z,763.39 MB,2017-05-23 11:05,GAMECUBE USA
Tiger Woods PGA Tour 2005 (USA) (Disc 1).7z,756.63 MB,2017-05-23 11:05,GAMECUBE USA
Tiger Woods PGA Tour 2005 (USA) (Disc 2).7z,734.37 MB,2017-05-23 11:05,GAMECUBE USA
TimeSplitters - Future Perfect (USA).7z,886.06 MB,2017-05-23 11:05,GAMECUBE USA
TimeSplitters 2 (USA).7z,867.45 MB,2017-05-23 11:05,GAMECUBE USA
Tom Clancy_-_s Ghost Recon (USA).7z,1.13 GB,2017-05-23 11:05,GAMECUBE USA
"Tom Clancy_-_s Ghost Recon 2 (USA) (En,Fr,Es).7z",957.26 MB,2017-05-23 11:05,GAMECUBE USA
Tom Clancy_-_s Rainbow Six - Lockdown (USA).7z,1.09 GB,2017-05-23 11:05,GAMECUBE USA
Tom Clancy_-_s Rainbow Six 3 (USA).7z,1.10 GB,2017-05-23 11:05,GAMECUBE USA
Tom Clancy_-_s Splinter Cell (USA).7z,1.06 GB,2017-05-23 11:05,GAMECUBE USA
"Tom Clancy_-_s Splinter Cell - Chaos Theory (USA) (En,Fr,Es) (Disc 1).7z",944.30 MB,2017-05-23 11:05,GAMECUBE USA
"Tom Clancy_-_s Splinter Cell - Chaos Theory (USA) (En,Fr,Es) (Disc 2).7z",965.53 MB,2017-05-23 11:05,GAMECUBE USA
"Tom Clancy_-_s Splinter Cell - Double Agent (USA) (En,Fr,Es) (Disc 1).7z",1.13 GB,2017-05-23 11:05,GAMECUBE USA
"Tom Clancy_-_s Splinter Cell - Double Agent (USA) (En,Fr,Es) (Disc 2).7z",1.08 GB,2017-05-23 11:05,GAMECUBE USA
Tom Clancy_-_s Splinter Cell - Pandora Tomorrow (USA).7z,752.41 MB,2017-05-23 11:05,GAMECUBE USA
Tom and Jerry in War of the Whiskers (USA).7z,1.31 GB,2017-05-23 11:05,GAMECUBE USA
Tonka - Rescue Patrol (USA).7z,1.26 GB,2017-05-23 11:05,GAMECUBE USA
Tony Hawk_-_s American Wasteland (USA).7z,906.19 MB,2017-05-23 11:05,GAMECUBE USA
Tony Hawk_-_s Pro Skater 3 (USA).7z,1.12 GB,2017-05-23 11:05,GAMECUBE USA
Tony Hawk_-_s Pro Skater 4 (USA).7z,1.16 GB,2017-05-23 11:05,GAMECUBE USA
Tony Hawk_-_s Underground (USA).7z,1.17 GB,2017-05-23 11:05,GAMECUBE USA
Tony Hawk_-_s Underground 2 (USA).7z,999.31 MB,2017-05-23 11:05,GAMECUBE USA
Top Angler - Real Bass Fishing (USA).7z,1.34 GB,2017-05-23 11:05,GAMECUBE USA
Top Gun - Combat Zones (USA).7z,524.16 MB,2017-05-23 11:05,GAMECUBE USA
TransWorld Surf - Next Wave (USA).7z,1.26 GB,2017-05-23 11:05,GAMECUBE USA
Trigger Man (USA).7z,1.35 GB,2017-05-23 11:05,GAMECUBE USA
True Crime - New York City (USA).7z,996.04 MB,2017-05-23 11:05,GAMECUBE USA
True Crime - Streets of LA (USA).7z,865.53 MB,2017-05-23 11:05,GAMECUBE USA
Tube Slider - The Championship of Future Formula (USA).7z,1.07 GB,2017-05-23 11:05,GAMECUBE USA
Turok - Evolution (USA).7z,807.24 MB,2017-05-23 11:05,GAMECUBE USA
UFC - Throwdown (USA).7z,785.70 MB,2017-05-23 11:05,GAMECUBE USA
Ultimate Muscle - Legends vs. New Generation (USA).7z,1.21 GB,2017-05-23 11:05,GAMECUBE USA
Ultimate Spider-Man (USA).7z,992 MB,2017-05-23 11:05,GAMECUBE USA
Universal Studios Theme Park Adventure (USA).7z,1 GB,2017-05-23 11:05,GAMECUBE USA
"Urbz, The - Sims in the City (USA).7z",967.65 MB,2017-05-23 11:05,GAMECUBE USA
Vexx (USA).7z,1.04 GB,2017-05-23 11:05,GAMECUBE USA
Viewtiful Joe (USA).7z,948.57 MB,2017-05-23 11:05,GAMECUBE USA
Viewtiful Joe - Red Hot Rumble (USA).7z,1.06 GB,2017-05-23 11:05,GAMECUBE USA
Viewtiful Joe 2 (USA).7z,1.12 GB,2017-05-23 11:05,GAMECUBE USA
Virtua Quest (USA).7z,1.04 GB,2017-05-23 11:05,GAMECUBE USA
Virtua Striker 2002 (USA).7z,1.02 GB,2017-05-23 11:05,GAMECUBE USA
WTA Tour Tennis (USA).7z,1.22 GB,2017-05-23 11:05,GAMECUBE USA
WWE Crush Hour (USA).7z,1.25 GB,2017-05-23 11:05,GAMECUBE USA
WWE Day of Reckoning (USA).7z,978.07 MB,2017-05-23 11:05,GAMECUBE USA
WWE Day of Reckoning 2 (USA).7z,1009.09 MB,2017-05-23 11:05,GAMECUBE USA
WWE WrestleMania X8 (USA).7z,755.97 MB,2017-05-23 11:05,GAMECUBE USA
WWE WrestleMania XIX (USA).7z,1.01 GB,2017-05-23 11:05,GAMECUBE USA
Wallace & Gromit in Project Zoo (USA).7z,1.15 GB,2017-05-23 11:05,GAMECUBE USA
Walt Disney Pictures Presents Meet the Robinsons (USA).7z,1.01 GB,2017-05-23 11:05,GAMECUBE USA
Wario World (USA).7z,1.29 GB,2017-05-23 11:05,GAMECUBE USA
"WarioWare, Inc. - Mega Party Game_s_! (USA).7z",1.01 GB,2017-05-23 11:05,GAMECUBE USA
Wave Race - Blue Storm (USA).7z,829.12 MB,2017-05-23 11:05,GAMECUBE USA
Whirl Tour (USA).7z,1.15 GB,2017-05-23 11:05,GAMECUBE USA
World Series of Poker (USA).7z,1.05 GB,2017-05-23 11:05,GAMECUBE USA
"Worms 3D (USA) (En,Fr).7z",1020.10 MB,2017-05-23 11:05,GAMECUBE USA
"Worms Blast (USA) (En,Fr,Es).7z",1.18 GB,2017-05-23 11:05,GAMECUBE USA
Wreckless - The Yakuza Missions (USA).7z,1.05 GB,2017-05-23 11:05,GAMECUBE USA
X-Men - Next Dimension (USA).7z,1.23 GB,2017-05-23 11:05,GAMECUBE USA
X-Men - The Official Game (USA).7z,1019.10 MB,2017-05-23 11:05,GAMECUBE USA
X-Men Legends (USA).7z,1.23 GB,2017-05-23 11:05,GAMECUBE USA
X-Men Legends II - Rise of Apocalypse (USA).7z,1.17 GB,2017-05-23 11:05,GAMECUBE USA
X2 - Wolverine_-_s Revenge (USA).7z,1.11 GB,2017-05-23 11:05,GAMECUBE USA
XGIII - Extreme G Racing (USA).7z,1.28 GB,2017-05-23 11:05,GAMECUBE USA
XGRA - Extreme G Racing Association (USA).7z,880.28 MB,2017-05-23 11:05,GAMECUBE USA
"XIII (USA) (En,Fr,Es).7z",1.09 GB,2017-05-23 11:05,GAMECUBE USA
Yu-Gi-Oh! The Falsebound Kingdom (USA).7z,1.18 GB,2017-05-23 11:05,GAMECUBE USA
Zapper (USA).7z,714.71 MB,2017-05-23 11:05,GAMECUBE USA
Zatch Bell! Mamodo Battles (USA).7z,1.34 GB,2017-05-23 11:05,GAMECUBE USA
Zatch Bell! Mamodo Fury (USA).7z,790.96 MB,2017-05-23 11:05,GAMECUBE USA
Zoids - Battle Legends (USA).7z,915.10 MB,2017-05-23 11:05,GAMECUBE USA
ZooCube (USA).7z,1.10 GB,2017-05-23 11:05,GAMECUBE USA